Classe,Categoria,Codice,Descrizione,U.M.A.,U.M.C.,Coeff Conv,Euro Medio,Quantita,Primo Per.,Mese,Costo Totale
BEVERAGE,ACQUA,BEV.ACQ.00004,ACQUA FRIZZANTE 50CL X 12,BT,BT,1,0.1496,14,1.6534,05_Maggio,2.0944
BEVERAGE,ACQUA,BEV.ACQ.00005,ACQUA NATURALE 50CL X 12,BT,BT,1,0.15,74,11.1216,05_Maggio,11.1
BEVERAGE,CAFFETT,BEV.CAF.00004,CAMOMILLA 1CF X 20 PZ,CF,PZ,20,1.2891,3,3.6384,05_Maggio,3.8673
BEVERAGE,CAFFETT,BEV.CAF.00005,THE TWINNINGS PURE GREEN 1CFX25PZ,CF,PZ,25,2.2606,2,5.1442,05_Maggio,4.52
BEVERAGE,CAFFETT,BEV.CAF.00006,THE TWINNINGS EARL GREY 1CFX25PZ,CF,PZ,25,1.905,4,7.206,05_Maggio,7.62
BEVERAGE,CAFFETT,BEV.CAF.00009,DIETOR,CF,CF,1,2.4505,3,0.7764,05_Maggio,7.35
BEVERAGE,CAFFETT,BEV.CAF.00010,THE TWINNINGS NERO ENG. BREAKFAST 1CFX25,CF,PZ,25,3.2405,11,33.9342,05_Maggio,35.65
BEVERAGE,CAFFETT,BEV.CAF.00013,TISANA TWINNINGS FRUTTI ROSSI 1CFX20PZ,CF,PZ,20,3.211,3,9.6329,05_Maggio,9.63
BEVERAGE,CAFFETT,BEV.CAF.00025,ORZO SOLUBILE 250GR X 20,PZ,PZ,1,24,5,120,05_Maggio,120
BEVERAGE,CAFFETT,BEV.CAF.00028,LATTE SOLUBILE 500GR x 20 pz,PZ,PZ,1,5.7915,41,5.945,05_Maggio,237.45
BEVERAGE,CAFFETT,CAF.BEV.00004,CAFFE IN GRANI BREAKFAST,KG,GR,100,15,41,615,05_Maggio,615
BEVERAGE,LATTE,BEV.LAT.00001,LATTE INTERO UHT LT.1,LT,LT,1,1.216,97,117.3585,05_Maggio,117.95
BEVERAGE,LATTE,BEV.LAT.00002,LATTE DI RISO LT.1,LT,LT,1,1.3208,2,3.0146,05_Maggio,2.64
BEVERAGE,LATTE,BEV.LAT.00003,LATTE DI SOIA LT.1,LT,LT,1,1.6799,4,5.7676,05_Maggio,6.72
BEVERAGE,LATTE,BEV.LAT.00004,LATTE UHT PARZIALMENTE SCREMATO,LT,LT,1,1.04,19,19.5029,05_Maggio,19.76
BEVERAGE,LATTE,BEV.LAT.00005,LATTE UHT SENZA LATTOSIO 1LT,LT,LT,1,1.23,4,5.0155,05_Maggio,4.92
BEVERAGE,SOFDRINK,BEV.SOF.00024,SUCCO ARANCIA ROSSA BRICK 1LT,LT,CL,100,1.4133,3,4.2399,05_Maggio,4.2399
BEVERAGE,SOFDRINK,BEV.SOF.00029,SUCCO CONCENTRATO ACE 4GKX4PZ,PZ,PZ,1,41.75,4,167,05_Maggio,167
BEVERAGE,SOFDRINK,BEV.SOF.00030,SUCCO CONCENTRATO ANANAS 4GKX4PZ,PZ,PZ,1,41.75,4,167,05_Maggio,167
BEVERAGE,SOFDRINK,BEV.SOF.00031,SUCCO CONCENTRATO ARANCIA BIONDA 4GKX4PZ,PZ,PZ,1,41.75,4,167,05_Maggio,167
BEVERAGE,SOFDRINK,BEV.SOF.00046,"SUCCO ARANCIA BIONDA DERBY 1,5LTX6",LT,CL,100,1.25,82.5,103.125,05_Maggio,103.13
BEVERAGE,SOFDRINK,BEV.SOF.00047,"SUCCO ANANAS DERBY 1,5LTX6",LT,CL,100,1.2089,36,50.7837,05_Maggio,43.52
BEVERAGE,SOFDRINK,BEV.SOF.00050,"SUCCO ARANCIA ROSSA DERBY 1,5LT",LT,CL,100,1.1625,66,76.7264,05_Maggio,76.725
BEVERAGE,VINOBIAN,BEV.VIN.00010,VINO BIANCO PER CUCINARE,LT,LT,1,1.3326,2,2.7,05_Maggio,2.67
FOOD,BURR,FOO.BUR.00001,BURRO MONO 1CFX100PZ,CF,PZ,100,10.6585,15,138.1143,05_Maggio,159.88
FOOD,BURR,FOO.BUR.00002,BURRO 1KG,KG,KG,1,8.7871,4.2,38.0846,05_Maggio,36.90582
FOOD,CARNEROS,FOO.CRO.00001,SALSICCIA AIA LUGANEGA,KG,KG,1,7.664,57.45,434.4534,05_Maggio,440.3
FOOD,CEREALI,FOO.CER.00002,CEREALI CORN FLAKES ALPEDI' 1KG,KG,KG,1,3.8219,6.5,0.9627,05_Maggio,24.84
FOOD,CEREALI,FOO.CER.00004,MUESLI CIOCCOLATO E NOCCIOLE 1KG,KG,KG,1,5.1664,11,54.9031,05_Maggio,56.8304
FOOD,CEREALI,FOO.CER.00006,CEREALI ALL BRAN KELLOGG'S GR.500,PZ,PZ,1,3.8617,10,43.47,05_Maggio,38.62
FOOD,CEREALI,FOO.CER.00007,MUESLI FRUTTI ROSSI 500GR,KG,KG,1,5.4415,16,68.8,05_Maggio,87.06
FOOD,CEREALI,FOO.CER.00001,FARINA 1KG,KG,KG,0,1.13,5,6.6986,05_Maggio,5.65
FOOD,FORMAGG,FOO.FOR.00001,EMMENTAL ALPEDOR,KG,GR,1000,7.3838,45.296,330.292,05_Maggio,334.46
FOOD,FORMAGG,FOO.FOR.00003,FORMAGGIO PHILADELPHIA MONO 60PZ,CF,PZ,1,16.7349,13,217.8518,05_Maggio,217.55
FOOD,FRUTTFRE,FOO.FRU.00001,ANANAS,KG,GR,1000,2.3699,234.32,516.9208,05_Maggio,555.314968
FOOD,FRUTTFRE,FOO.FRU.00002,ARANCE,KG,GR,1000,2.3627,162.5,260,05_Maggio,383.93875
FOOD,FRUTTFRE,FOO.FRU.00003,LIMONI,KG,GR,1000,2.7427,7.23,12.7563,05_Maggio,19.829721
FOOD,FRUTTFRE,FOO.FRU.00008,ANGURIA,KG,GR,1000,1.4229,201,331.6845,05_Maggio,286
FOOD,FRUTTFRE,FOO.FRU.00009,MELONE CANTALUPO,KG,GR,1000,1.821,143,259.1301,05_Maggio,260.4
FOOD,FRUTTFRE,FOO.FRU.00010,MELONE GIALLO,KG,GR,1000,1.489,111,210.9,05_Maggio,165.279
FOOD,FRUTTFRE,FOO.FRU.00012,KIWI,KG,GR,1000,7.5,0.7,2.8,05_Maggio,5.25
FOOD,MONODOLC,FOO.MDO.00001,BIFETTE MULINO BIANCO GR17X100PZ,PZ,PZ,1,0.1379,99,13.0383,05_Maggio,13.6521
FOOD,MONODOLC,FOO.MDO.00002,BIFETTE INTEGRALI MULINO BIANCO17GRX100P,PZ,PZ,1,0.1381,102,13.617,05_Maggio,14.09
VARIE,MONOUSO,FOO.MON.00008,ZUCCHERO BUSTINE ERIDIANA 10KG,KG,KG,1,2.7154,9,22.7053,05_Maggio,24.4386
VARIE,MONOUSO,FOO.MON.00009,ZUCCHERO DI CANNA BUSTINE 10KG,KG,KG,1,2.9253,7,15.9992,05_Maggio,20.48
VARIE,MONOUSO,FOO.MON.00010,NUTELLA MONO 15GRX120PZ,PZ,PZ,1,0.1801,638,116.435,05_Maggio,114.9
VARIE,MONOUSO,FOO.MON.00012,ZUCCHERO SEMOLATO ERIDIANA 1KG,KG,KG,1,1.2315,2,2.4629,05_Maggio,2.46
FOOD,OLIO,FOO.OLI.00002,OLIO DI GIRASOLI 5LT,LT,LT,1,1.4664,30,31.54,05_Maggio,43.99
FOOD,OLIO,FOO.OLI.00003,OLIO D'OLIVA EXTRA VERGINE LT.5,LT,LT,1,9.8347,10,92.4,05_Maggio,98.35
FOOD,ORTAGGI,FOO.ORT.00002,POMODORO CUORE DI BUE,KG,KG,1,3.0293,90.1,270.3,05_Maggio,272.94
FOOD,PANE,FOO.PAN.00001,PANE BIANCO IN CASSETTA GR.400,CF,CF,1,1.1831,49,57.82,05_Maggio,57.9719
FOOD,PANE,FOO.PAN.00002,PANE INTEGRALE IN CASSETTA  GR 400,CF,CF,1,1.18,46,54.6435,05_Maggio,54.28
FOOD,PANE,FOO.PAN.00003,PANE CIABATTA,KG,KG,1,3,65.15,211.6592,05_Maggio,195.45
FOOD,PANE,FOO.PAN.00004,PAN BAULETTO GF MULINO BIANCO,PZ,PZ,1,2.99,2,5.98,05_Maggio,5.98
FOOD,PASTICCE,FOO.PPP.00002,FARINA PER DOLCI 1KG,KG,KG,1,1.7102,8,13.6269,05_Maggio,13.68
FOOD,PASTICCE,FOO.PPP.00003,STACCANTE ALIMENTARE SPRAY PER FORNO,PZ,PZ,1,4.5367,-1,-4.5367,05_Maggio,-4.54
FOOD,PASTICCE,FOO.PPP.00009,ALBUME D'UOVO 1LT,LT,LT,1,3.35,1,4.24,05_Maggio,3.35
FOOD,PASTICCE,FOO.PPP.00010,"BURRO PER DOLCI 2,5KG",KG,KG,1,6.669,4,26.676,05_Maggio,26.68
FOOD,PASTICCE,FOO.PPP.00012,LIEVITO PER DOLCI 1KG,KG,KG,1,11.2652,0.8,9.0122,05_Maggio,9.01
FOOD,PASTICCE,FOO.PPP.00013,CIOCCOLATO FONDENTE,KG,KG,1,11.4188,1.96,26.1415,05_Maggio,22.380848
FOOD,PASTICCE,FOO.PPP.00014,CACAO,KG,KG,1,12,2,31.6134,05_Maggio,24
FOOD,PASTICCE,FOO.PPP.00016,MARMELLATA ALBICOCCA,KG,KG,1,5.9879,6,35.9271,05_Maggio,35.93
FOOD,SALUMI,FOO.SAL.00001,MORTADELLA IGP,KG,KG,1,6.7412,14.476,94.9986,05_Maggio,97.59
FOOD,SALUMI,FOO.SAL.00003,SALAME MILANO FIORUCCI,KG,KG,1,11.6723,8.148,93.1622,05_Maggio,95.11
FOOD,SALUMI,FOO.SAL.00004,PETTO DI TACCHINO FERRARINI,KG,KG,1,13.9696,30.54,430.7947,05_Maggio,426.63
FOOD,SALUMI,FOO.SAL.00005,PANCETTA / BACON,KG,KG,1,10.8796,38.212,421.6607,05_Maggio,415.73
FOOD,SALUMI,FOO.SAL.00006,PROSCIUTTO COTTO FERRARINI,KG,KG,1,7.7524,33.218,270.6867,05_Maggio,257.52
FOOD,SCATOLAM,FOO.SCA.00001,FAGIOLI HEINZ 415GRX24PZ,PZ,PZ,1,2.9195,159,430.0699,05_Maggio,464.2005
FOOD,SEMILDOL,FOO.SDO.00004,TORTA ARTIGIANALE CAPRESE 1KG,PZ,PZ,1,15.0618,8,101.7143,05_Maggio,120.49
FOOD,SEMILDOL,FOO.SDO.00005,TORTA ARTIGIANALE CROSTATA 1KG,PZ,PZ,1,14.9028,9,95.625,05_Maggio,134.13
FOOD,SEMILDOL,FOO.SDO.00006,TORTA ARTIGIANALE ALLE CAROTE 1 KG,PZ,PZ,1,14.8271,7,69.6769,05_Maggio,103.79
FOOD,SEMILDOL,FOO.SDO.00007,PLUMCAKE ARTIGIANALE CACAO 800GR,PZ,PZ,1,10.9522,7,69.8462,05_Maggio,76.6654
FOOD,SEMILDOL,FOO.SDO.00008,PASTIERA NAPOLETANA 100GRX24PZ,PZ,PZ,1,1.1042,254,280.4583,05_Maggio,280.4668
FOOD,SEMILDOL,FOO.SDO.00009,SFOGLIATELLE FROLLE 27GRX7KG,KG,KG,1,6.7571,23.8,160.8196,05_Maggio,160.82
FOOD,SEMILDOL,FOO.SDO.00010,SFOGLIATELLE RICCE 27GRX7KG,KG,KG,1,6.7571,24,162.1713,05_Maggio,162.17
FOOD,SEMILDOL,FOO.SDO.00011,SACCOTTINO AL CIOCCOLATO 30GRX150PZ,PZ,PZ,1,0.3513,656,230.4621,05_Maggio,230.45
FOOD,SEMILDOL,FOO.SDO.00012,GIRELLA CREMA E UVETTA 30GRX150PZ,PZ,PZ,1,0.3513,606,212.8955,05_Maggio,212.89
FOOD,SEMILDOL,FOO.SDO.00013,CORNETTO VUOTO 30GRX150PZ,PZ,PZ,1,0.3513,1294,454.6016,05_Maggio,454.58
FOOD,SEMILDOL,FOO.SDO.00014,"CIAMBELLA MINI 25GRX2,5KG",KG,KG,1,15.04,13.63,204.9952,05_Maggio,205
FOOD,SEMILDOL,FOO.SDO.00015,"KRAPFEN AL CIOCCOLATO 20GRX2,5KG",KG,KG,1,16.24,16.32,265.0368,05_Maggio,265.0368
FOOD,SEMILDOL,FOO.SDO.00016,MUFFIN MINI MELA CANNELLA 25GRX70PZ,PZ,PZ,1,0.4629,221,102.2961,05_Maggio,102.3
FOOD,SEMILDOL,FOO.SDO.00017,MUFFIN MINI CACAO 27GRX70PZ,PZ,PZ,1,0.4629,265,122.6616,05_Maggio,122.67
FOOD,SEMILDOL,FOO.SDO.00018,TRECCIA MINI NOCI PECAN 50GRX80PZ,PZ,PZ,1,0.5021,340,166.8006,05_Maggio,170.71
FOOD,SEMILDOL,FOO.SDO.00019,CORNETTO PRINCIPINO CIOCCOLATO 35GRX85PZ,PZ,PZ,1,0.3271,686,224.3568,05_Maggio,224.39
FOOD,SEMILDOL,FOO.SDO.00020,CORNETTO PRINCIPINO CREMA 35GRX85PZ,PZ,PZ,1,0.3271,784,256.4306,05_Maggio,256.45
FOOD,SEMILDOL,FOO.SDO.00021,CORNETTO PRINCIPINO MARMELLATA 35GRX85PZ,PZ,PZ,1,0.3271,828,270.824,05_Maggio,270.84
FOOD,SEMILDOL,FOO.SDO.00022,CORNETTO VEG PRINCIPINO CEREAL 35GRX100P,PZ,PZ,1,0.345,87,30.015,05_Maggio,30.015
FOOD,SEMILDOL,FOO.SDO.00023,CORNETTO GF CACAO NOCCIOLE 100GRX12PZ,PZ,PZ,1,2.8662,11,31.524,05_Maggio,31.5282
FOOD,SEMILDOL,FOO.SDO.00024,CORNETTO GF ALBICOCCA 100GRX12PZ,PZ,PZ,1,2.9,12,34.8,05_Maggio,34.8
FOOD,SEMILDOL,FOO.SDO.00028,PLUMCAKE ARTIGIANALE AL LIMONE 800 GR,PZ,PZ,1,11.6737,9,92.3965,05_Maggio,105.06
FOOD,SEMILDOL,FOO.SDO.00029,TORTA  ARTIGIANALE ALLE MELE 1 KG,PZ,PZ,1,15.0679,10,110.9615,05_Maggio,150.68
FOOD,SEMILDOL,FOO.SDO.00032,CONFETTURA FRAGOLA 900GRX6PZ,PZ,PZ,1,6.0311,2,9.5563,05_Maggio,12.06
FOOD,SEMILDOL,FOO.SDO.00033,CONFETTURA ALBICOCCA 900GRX6PZ,PZ,PZ,1,6.95,1,6.95,05_Maggio,6.95
FOOD,SEMILDOL,FOO.SDO.00035,MIELE 900GRX6PZ,PZ,PZ,1,10,3,30,05_Maggio,30
FOOD,SEMILDOL,FOO.SDO.00036,SCIROPPO D'ACERO 900GRX6PZ,PZ,PZ,1,7.5,4,30,05_Maggio,30
FOOD,SEMILDOL,FOO.SDO.00037,CONFETTURA FRUTTI DI BOSCO 900GRX6PZ,PZ,PZ,1,6.4808,2,10.6598,05_Maggio,12.96
FOOD,SEMILDOL,FOO.SDO.00043,COPPETTA X MARMELLATA CIALDA 500PZ,PZ,PZ,1,0.0476,300,14.28,05_Maggio,14.28
FOOD,SEMILDOL,FOO.SDO.00044,BURRO DI ARACHIDI 800GRX6PZ,PZ,PZ,1,16.2484,2,31.888,05_Maggio,32.5
FOOD,SEMILDOL,FOO.SDO.00047,PANCAKE PREPARATO MACCHINA GR 730,PZ,PZ,1,12.5,11,137.5,05_Maggio,137.5
FOOD,SEMILSAL,FOO.SSA.00011,"PANINI ALPE ADRIA MIX 3,5GRX2,7KG",KG,KG,1,9.5185,43.97,418.5292,05_Maggio,418.53
FOOD,SEMILSAL,FOO.SSA.00013,"PATATE SURGELATE A CUBETTI 2,5KGX4PZ",KG,GR,1000,3.117,63,159.6503,05_Maggio,196.37
VARIE,MONOUSO,FOO.MON.00003,KETCHUP BUSTINE,CF,CF,1,10.383,2,11.8889,05_Maggio,20.77
VARIE,MONOUSO,FOO.MON.00004,PEPE BUSTINE,CF,CF,1,10.27,2,20.54,05_Maggio,20.54
FOOD,SPEZIECO,FOO.SPE.00001,ACETO DI VINO BIANCO,LT,LT,1,0.8144,8.5,4.0279,05_Maggio,6.92
FOOD,SPEZIECO,FOO.SPE.00006,SALE BUSTINE,CF,CF,1,10.5171,1,11.0567,05_Maggio,10.52
FOOD,SPEZIECO,FOO.SPE.00008,OLIO EXTRA VERGINE BUSTINE,CF,CF,1,16.4537,3,45.2925,05_Maggio,49.3611
FOOD,SPEZIECO,FOO.SPE.00021,ODORI MISTI,KG,KG,1,10,0.74,4.44,05_Maggio,7.4
FOOD,UOVA,FOO.UOV.00001,UOVA FRESCHE L CAT. A X 180PZ,PZ,PZ,1,0.185,5233,924.9776,05_Maggio,968.11
FOOD,YOGURT,FOO.YOG.00002,YOGURT BIANCO KG.5,PZ,PZ,1,10.47,16,167.5542,05_Maggio,167.52
PULIZIA,DETERGEN,PUL.DET.00015,DETERSIVO LAVAST. TOPMATIC ECOLAB 5LT,PZ,PZ,1,36.7483,1,31.5688,05_Maggio,36.75
PULIZIA,DETERGEN,PUL.DET.00046,DETERSIVO LAVAST. TOPMATIC ECOLAB 25LT,PZ,PZ,1,145.45,1,145.45,05_Maggio,145.45
PULIZIA,STRPULIZ,PUL.STR.00009,PAGLIETTE D'ACCIAIO 1CFX10PZ,PZ,PZ,1,1.6177,4,6.4708,05_Maggio,6.47
PULIZIA,STRPULIZ,PUL.STR.00016,GUANTI MONOUSO 100PZ MISURA L,CF,CF,1,3.4091,1,3.4091,05_Maggio,3.41
PULIZIA,STRPULIZ,PUL.STR.00020,GUANTI MONOUSO 100PZ MISURA M,CF,CF,1,4.5,1,4.5,05_Maggio,4.5
VARIE,CARTBUSA,VAR.CAR.00005,BUSTE SPAZZATURA 90X120 20KG,CT,CT,1,35.5953,2,88,05_Maggio,71.19
VARIE,CARTBUSA,VAR.CAR.00015,BOBINA CARTA STRONG 800 STRAPPIX10,PZ,PZ,1,3.7585,7,26.25,05_Maggio,26.31
VARIE,CARTBUSA,VAR.CAR.00016,BUSTE SHOPPER BIANCHE 400PZ (COLAZIONI),PZ,PZ,1,0.1345,73,9.8185,05_Maggio,9.82
VARIE,CARTBUSA,VAR.CAR.00017,CENTRINI MERLETTATI RETTANG 20X30 250PZ,CF,PZ,250,5.5,2,11,05_Maggio,11
VARIE,CARTBUSA,VAR.CAR.00018,SACCHETTI BIANCHI BREAKFAST 17X34 10KG,KG,KG,0,1.4312,0.3,0.0736,05_Maggio,0.43
VARIE,CARTBUSA,VAR.CAR.00021,CENTRINI MERLETTATI RETTANGO 30X40 250PZ,CF,PZ,250,11,2,22,05_Maggio,22
VARIE,CARTBUSA,VAR.CAR.00022,CENTRINI MERLETTATI OVALI 30X31 250PZ,CF,PZ,250,12.5,2,20,05_Maggio,25
VARIE,MONOUSO,VAR.MON.00001,TOVAGLIOLI TNT POKET AZZ40X35(16CFX60PZ),CF,CF,1,5.3125,74,340.4,05_Maggio,393.13
VARIE,MONOUSO,VAR.MON.00005,TOVAGLIOLO TNT 40X40 (16CFX50PZ),CF,CF,1,3.6749,8,20,05_Maggio,29.4
VARIE,MONOUSO,VAR.MON.00007,TOVAGLIE 100X100 (4CFX25PZ),CF,CF,1,14.002,68,969.6504,05_Maggio,952.136
VARIE,MONOUSO,VAR.MON.00009,BICCHIERI CARTA 380ML NATURALICA 1X50PZ,CF,CF,1,5.5827,2,8.2442,05_Maggio,11.17
VARIE,MONOUSO,VAR.MON.00017,BIS POSATE PLASTICA 1CFX100PZ,CF,CF,1,8.2608,1,5.3571,05_Maggio,8.26
VARIE,MONOUSO,VAR.MON.00024,SALVALIQUIDI RETTANGOLARI GR750 1CFX50PZ,PZ,PZ,1,0.22,59,12.98,05_Maggio,12.98
VARIE,MONOUSO,VAR.MON.00029,TOVAGLIE 100X100 BIANCHE 4CFX25PZ,CF,CF,1,11.875,1,11.25,05_Maggio,11.88
VARIE,PROCUCIN,VAR.PCU.00003,CARTA FORNO 40X60 FOGLI,CF,CF,1,6.5707,1,7.125,05_Maggio,6.57
VARIE,PROVARIE,VAR.PRO.00001,CARTA PELLICOLA CUKI 300MT X8 ROTOLO,PZ,PZ,1,6.3797,8,46.5456,05_Maggio,51.04
BEVERAGE,ACQUA,BEV.ACQ.00004,ACQUA FRIZZANTE 50CL X 12,BT,BT,1,0.1496,3,0.4301,06_Giugno,0.4488
BEVERAGE,ACQUA,BEV.ACQ.00005,ACQUA NATURALE 50CL X 12,BT,BT,1,0.15,27,4.0519,06_Giugno,4.05
BEVERAGE,CAFFETT,BEV.CAF.00004,CAMOMILLA 1CF X 20 PZ,CF,PZ,20,1.2891,4,4.8512,06_Giugno,5.16
BEVERAGE,CAFFETT,BEV.CAF.00005,THE TWINNINGS PURE GREEN 1CFX25PZ,CF,PZ,25,2.2606,1,2.5721,06_Giugno,2.26
BEVERAGE,CAFFETT,BEV.CAF.00006,THE TWINNINGS EARL GREY 1CFX25PZ,CF,PZ,25,1.905,7,12.6105,06_Giugno,13.34
BEVERAGE,CAFFETT,BEV.CAF.00007,THE TWINNINGS FRUTTI ROSSI 1CFX25PZ,CF,PZ,25,1.9015,2,5.1082,06_Giugno,3.8
BEVERAGE,CAFFETT,BEV.CAF.00009,DIETOR,CF,CF,1,2.4505,11,19.4495,06_Giugno,26.96
BEVERAGE,CAFFETT,BEV.CAF.00010,THE TWINNINGS NERO ENG. BREAKFAST 1CFX25,CF,PZ,25,3.2405,12,37.0188,06_Giugno,38.886
BEVERAGE,CAFFETT,BEV.CAF.00013,TISANA TWINNINGS FRUTTI ROSSI 1CFX20PZ,CF,PZ,20,3.211,5,16.055,06_Giugno,16.06
BEVERAGE,CAFFETT,BEV.CAF.00028,LATTE SOLUBILE 500GR x 20 pz,PZ,PZ,1,5.7915,46,194.7158,06_Giugno,266.41
BEVERAGE,CAFFETT,BEV.CAF.00004,CAFFE IN GRANI BREAKFAST,KG,GR,100,15,39,585,06_Giugno,585
BEVERAGE,LATTE,BEV.LAT.00001,LATTE INTERO UHT LT.1,LT,LT,1,1.216,82,99.5924,06_Giugno,99.71
BEVERAGE,LATTE,BEV.LAT.00002,LATTE DI RISO LT.1,LT,LT,1,1.3208,2,3.0146,06_Giugno,2.64
BEVERAGE,LATTE,BEV.LAT.00003,LATTE DI SOIA LT.1,LT,LT,1,1.6799,7,11.1843,06_Giugno,11.76
BEVERAGE,LATTE,BEV.LAT.00004,LATTE UHT PARZIALMENTE SCREMATO,LT,LT,1,1.04,32,33.0318,06_Giugno,33.28
BEVERAGE,LATTE,BEV.LAT.00005,LATTE UHT SENZA LATTOSIO 1LT,LT,LT,1,1.23,7,8.7773,06_Giugno,8.61
BEVERAGE,SOFDRINK,BEV.SOF.00029,SUCCO CONCENTRATO ACE 4GKX4PZ,PZ,PZ,1,41.75,7,292.25,06_Giugno,292.25
BEVERAGE,SOFDRINK,BEV.SOF.00030,SUCCO CONCENTRATO ANANAS 4GKX4PZ,PZ,PZ,1,41.75,8,334,06_Giugno,334
BEVERAGE,SOFDRINK,BEV.SOF.00031,SUCCO CONCENTRATO ARANCIA BIONDA 4GKX4PZ,PZ,PZ,1,41.75,10,417.5,06_Giugno,417.5
BEVERAGE,VINOBIAN,BEV.VIN.00010,VINO BIANCO PER CUCINARE,LT,LT,1,1.3326,2,2.7,06_Giugno,2.67
FOOD,BURR,FOO.BUR.00001,BURRO MONO 1CFX100PZ,CF,PZ,100,10.6585,16,149.7262,06_Giugno,170.54
FOOD,BURR,FOO.BUR.00002,BURRO 1KG,KG,KG,1,8.7871,1.6,14.5085,06_Giugno,14.05936
FOOD,CARNEROS,FOO.CRO.00001,SALSICCIA AIA LUGANEGA,KG,KG,1,7.664,73.5,552.666,06_Giugno,563.3
FOOD,CEREALI,FOO.CER.00001,CEREALI RISO SOFFIATO CACAO ALPEDI' 1KG,KG,KG,1,3.8395,3,8.7692,06_Giugno,11.52
FOOD,CEREALI,FOO.CER.00002,CEREALI CORN FLAKES ALPEDI' 1KG,KG,KG,1,3.8219,0.5,0.4669,06_Giugno,1.91
FOOD,CEREALI,FOO.CER.00003,CEREALI RISO SOFFIATO ALPEDI' 1KG,KG,KG,1,2.411,3,11.0114,06_Giugno,7.233
FOOD,CEREALI,FOO.CER.00004,MUESLI CIOCCOLATO E NOCCIOLE 1KG,KG,KG,1,5.1664,13,64.2977,06_Giugno,67.16
FOOD,CEREALI,FOO.CER.00007,MUESLI FRUTTI ROSSI 500GR,KG,KG,1,5.4415,25,111.975,06_Giugno,136.04
FOOD,CEREALI,FOO.CER.00001,FARINA 1KG,KG,KG,0,1.13,3,3.827,06_Giugno,3.39
FOOD,FORMAGG,FOO.FOR.00001,EMMENTAL ALPEDOR,KG,GR,1000,7.3838,48.75,352.7571,06_Giugno,359.96
FOOD,FORMAGG,FOO.FOR.00003,FORMAGGIO PHILADELPHIA MONO 60PZ,CF,PZ,1,16.7349,11,184.0428,06_Giugno,184.08
FOOD,FORMAGG,FOO.FOR.00017,SCAMORZA AFFUMICATA,KG,GR,1000,9.331,27.7,260.3539,06_Giugno,258.4687
FOOD,FRUTTFRE,FOO.FRU.00001,ANANAS,KG,GR,1000,2.3699,4.68,11.0364,06_Giugno,11.091132
FOOD,FRUTTFRE,FOO.FRU.00002,ARANCE,KG,GR,1000,2.3627,1,1.5701,06_Giugno,2.36
FOOD,FRUTTFRE,FOO.FRU.00003,LIMONI,KG,GR,1000,2.7427,1.77,2.8598,06_Giugno,4.85
FOOD,FRUTTFRE,FOO.FRU.00008,ANGURIA,KG,GR,1000,1.4229,531.9,828.3433,06_Giugno,756.84
FOOD,FRUTTFRE,FOO.FRU.00009,MELONE CANTALUPO,KG,GR,1000,1.821,298.5,530.7826,06_Giugno,543.57
FOOD,FRUTTFRE,FOO.FRU.00010,MELONE GIALLO,KG,GR,1000,1.489,259,460.5331,06_Giugno,385.65
FOOD,FRUTTFRE,FOO.FRU.00012,KIWI,KG,GR,1000,7.5,9.8,46.4817,06_Giugno,73.5
BEVERAGE,LATTE,FOO.LAT.00008,CILIEGINE 25GR,KG,GR,1000,7.5,25.5,191.25,06_Giugno,191.25
FOOD,MONODOLC,FOO.MDO.00001,BIFETTE MULINO BIANCO GR17X100PZ,PZ,PZ,1,0.1379,107,14.0919,06_Giugno,14.76
FOOD,MONODOLC,FOO.MDO.00002,BIFETTE INTEGRALI MULINO BIANCO17GRX100P,PZ,PZ,1,0.1381,79,10.5465,06_Giugno,10.91
VARIE,MONOUSO,FOO.MON.00008,ZUCCHERO BUSTINE ERIDIANA 10KG,KG,KG,1,2.7154,12,31.0865,06_Giugno,32.58
VARIE,MONOUSO,FOO.MON.00009,ZUCCHERO DI CANNA BUSTINE 10KG,KG,KG,1,2.9253,6,13.7136,06_Giugno,17.55
VARIE,MONOUSO,FOO.MON.00010,NUTELLA MONO 15GRX120PZ,PZ,PZ,1,0.1801,960,173.6,06_Giugno,172.896
VARIE,MONOUSO,FOO.MON.00012,ZUCCHERO SEMOLATO ERIDIANA 1KG,KG,KG,1,1.2315,6,7.389,06_Giugno,7.39
FOOD,ORTAGGI,FOO.ORT.00002,POMODORO CUORE DI BUE,KG,KG,1,3.0293,191.56,495.1409,06_Giugno,580.292708
FOOD,ORTAGGI,FOO.ORT.00010,MISTICANZA,PZ,PZ,1,1.211,62,77.1556,06_Giugno,75.082
FOOD,ORTAGGI,FOO.ORT.00017,CAROTE JULIENNE,PZ,PZ,1,1.0145,21,21.3055,06_Giugno,21.3045
FOOD,PANE,FOO.PAN.00001,PANE BIANCO IN CASSETTA GR.400,CF,CF,1,1.1831,81,95.58,06_Giugno,95.83
FOOD,PANE,FOO.PAN.00002,PANE INTEGRALE IN CASSETTA  GR 400,CF,CF,1,1.18,62,73.2491,06_Giugno,73.16
FOOD,PANE,FOO.PAN.00003,PANE CIABATTA,KG,KG,1,3,77.5,233.3708,06_Giugno,232.5
FOOD,PANE,FOO.PAN.00004,PAN BAULETTO GF MULINO BIANCO,PZ,PZ,1,2.99,1,2.99,06_Giugno,2.99
FOOD,PANE,FOO.PAN.00017,PANFETTE GLUTEEN FREE GR 75 X 20PZ,PZ,PZ,1,1.8,8,12,06_Giugno,14.4
FOOD,PANE,FOO.PAN.00018,KIT COLAZIONE GLUTEEN FREE,PZ,PZ,1,24.15,1,24.15,06_Giugno,24.15
FOOD,PASTICCE,FOO.PPP.00012,LIEVITO PER DOLCI 1KG,KG,KG,1,11.2652,0.2,2.253,06_Giugno,2.25
FOOD,PASTICCE,FOO.PPP.00013,CIOCCOLATO FONDENTE,KG,KG,1,11.4188,-0.46,-6.1353,06_Giugno,-5.25
FOOD,PASTICCE,FOO.PPP.00015,ZUCCHERO A VELO 5KG,KG,KG,1,1.642,-2.5,-4.105,06_Giugno,-4.1
FOOD,SALUMI,FOO.SAL.00001,MORTADELLA IGP,KG,KG,1,6.7412,20.58,137.4309,06_Giugno,138.73
FOOD,SALUMI,FOO.SAL.00003,SALAME MILANO FIORUCCI,KG,KG,1,11.6723,15.24,167.4061,06_Giugno,177.89
FOOD,SALUMI,FOO.SAL.00004,PETTO DI TACCHINO FERRARINI,KG,KG,1,13.9696,34.66,519.2496,06_Giugno,484.186336
FOOD,SALUMI,FOO.SAL.00005,PANCETTA / BACON,KG,KG,1,10.8796,51.198,561.6373,06_Giugno,557.01
FOOD,SALUMI,FOO.SAL.00006,PROSCIUTTO COTTO FERRARINI,KG,KG,1,7.7524,54.746,444.1432,06_Giugno,424.41
FOOD,SCATOLAM,FOO.SCA.00001,FAGIOLI HEINZ 415GRX24PZ,PZ,PZ,1,2.9195,97,278.9545,06_Giugno,283.19
FOOD,SEMILDOL,FOO.SDO.00004,TORTA ARTIGIANALE CAPRESE 1KG,PZ,PZ,1,15.0618,19,295.5033,06_Giugno,286.17
FOOD,SEMILDOL,FOO.SDO.00005,TORTA ARTIGIANALE CROSTATA 1KG,PZ,PZ,1,14.9028,19,272.0924,06_Giugno,283.1532
FOOD,SEMILDOL,FOO.SDO.00006,TORTA ARTIGIANALE ALLE CAROTE 1 KG,PZ,PZ,1,14.8271,21,230.2011,06_Giugno,311.37
FOOD,SEMILDOL,FOO.SDO.00007,PLUMCAKE ARTIGIANALE CACAO 800GR,PZ,PZ,1,10.9522,15,155.117,06_Giugno,164.28
FOOD,SEMILDOL,FOO.SDO.00008,PASTIERA NAPOLETANA 100GRX24PZ,PZ,PZ,1,1.1042,254,280.4609,06_Giugno,280.4668
FOOD,SEMILDOL,FOO.SDO.00009,SFOGLIATELLE FROLLE 27GRX7KG,KG,KG,1,6.7571,35.7,241.2294,06_Giugno,241.22847
FOOD,SEMILDOL,FOO.SDO.00010,SFOGLIATELLE RICCE 27GRX7KG,KG,KG,1,6.7571,38,256.7708,06_Giugno,256.7698
FOOD,SEMILDOL,FOO.SDO.00011,SACCOTTINO AL CIOCCOLATO 30GRX150PZ,PZ,PZ,1,0.3513,950,333.7465,06_Giugno,333.74
FOOD,SEMILDOL,FOO.SDO.00012,GIRELLA CREMA E UVETTA 30GRX150PZ,PZ,PZ,1,0.3513,674,236.7853,06_Giugno,236.78
FOOD,SEMILDOL,FOO.SDO.00013,CORNETTO VUOTO 30GRX150PZ,PZ,PZ,1,0.3513,1307,459.1628,06_Giugno,459.15
FOOD,SEMILDOL,FOO.SDO.00014,"CIAMBELLA MINI 25GRX2,5KG",KG,KG,1,15.04,25.87,389.0848,06_Giugno,389.08
FOOD,SEMILDOL,FOO.SDO.00015,"KRAPFEN AL CIOCCOLATO 20GRX2,5KG",KG,KG,1,16.24,21.68,352.0832,06_Giugno,352.08
FOOD,SEMILDOL,FOO.SDO.00016,MUFFIN MINI MELA CANNELLA 25GRX70PZ,PZ,PZ,1,0.4629,316,146.2754,06_Giugno,146.28
FOOD,SEMILDOL,FOO.SDO.00017,MUFFIN MINI CACAO 27GRX70PZ,PZ,PZ,1,0.4629,446,206.4546,06_Giugno,206.45
FOOD,SEMILDOL,FOO.SDO.00018,TRECCIA MINI NOCI PECAN 50GRX80PZ,PZ,PZ,1,0.5021,390,193.238,06_Giugno,195.82
FOOD,SEMILDOL,FOO.SDO.00019,CORNETTO PRINCIPINO CIOCCOLATO 35GRX85PZ,PZ,PZ,1,0.3271,994,325.129,06_Giugno,325.14
FOOD,SEMILDOL,FOO.SDO.00020,CORNETTO PRINCIPINO CREMA 35GRX85PZ,PZ,PZ,1,0.3271,991,324.1493,06_Giugno,324.16
FOOD,SEMILDOL,FOO.SDO.00021,CORNETTO PRINCIPINO MARMELLATA 35GRX85PZ,PZ,PZ,1,0.3271,909,297.3671,06_Giugno,297.33
FOOD,SEMILDOL,FOO.SDO.00028,PLUMCAKE ARTIGIANALE AL LIMONE 800 GR,PZ,PZ,1,11.6737,17,177.9324,06_Giugno,198.45
FOOD,SEMILDOL,FOO.SDO.00029,TORTA  ARTIGIANALE ALLE MELE 1 KG,PZ,PZ,1,15.0679,24,317.3433,06_Giugno,361.63
FOOD,SEMILDOL,FOO.SDO.00031,CONFETTURA CILIEGIA 900GRX6PZ,PZ,PZ,1,3.1552,2,4.0334,06_Giugno,6.31
FOOD,SEMILDOL,FOO.SDO.00032,CONFETTURA FRAGOLA 900GRX6PZ,PZ,PZ,1,6.0311,4,23.1221,06_Giugno,24.12
FOOD,SEMILDOL,FOO.SDO.00033,CONFETTURA ALBICOCCA 900GRX6PZ,PZ,PZ,1,6.95,3,20.85,06_Giugno,20.85
FOOD,SEMILDOL,FOO.SDO.00034,CONFETTURA PESCA 900GRX6PZ,PZ,PZ,1,4.0981,2,8.1962,06_Giugno,8.2
FOOD,SEMILDOL,FOO.SDO.00035,MIELE 900GRX6PZ,PZ,PZ,1,10,4,40,06_Giugno,40
FOOD,SEMILDOL,FOO.SDO.00036,SCIROPPO D'ACERO 900GRX6PZ,PZ,PZ,1,7.5,20,150,06_Giugno,150
FOOD,SEMILDOL,FOO.SDO.00037,CONFETTURA FRUTTI DI BOSCO 900GRX6PZ,PZ,PZ,1,6.4808,4,25.0598,06_Giugno,25.92
FOOD,SEMILDOL,FOO.SDO.00043,COPPETTA X MARMELLATA CIALDA 500PZ,PZ,PZ,1,0.0476,200,9.52,06_Giugno,9.52
FOOD,SEMILDOL,FOO.SDO.00044,BURRO DI ARACHIDI 800GRX6PZ,PZ,PZ,1,16.2484,1,15.9441,06_Giugno,16.25
FOOD,SEMILDOL,FOO.SDO.00047,PANCAKE PREPARATO MACCHINA GR 730,PZ,PZ,1,12.5,40,500,06_Giugno,500
FOOD,SEMILSAL,FOO.SSA.00011,"PANINI ALPE ADRIA MIX 3,5GRX2,7KG",KG,KG,1,9.5185,37.33,355.3261,06_Giugno,355.325605
FOOD,SEMILSAL,FOO.SSA.00013,"PATATE SURGELATE A CUBETTI 2,5KGX4PZ",KG,GR,1000,3.117,62.5,158.3763,06_Giugno,194.81
VARIE,MONOUSO,FOO.MON.00003,KETCHUP BUSTINE,CF,CF,1,10.383,1,10.2245,06_Giugno,10.38
VARIE,MONOUSO,FOO.MON.00004,PEPE BUSTINE,CF,CF,1,10.27,2,20.54,06_Giugno,20.54
VARIE,MONOUSO,FOO.MON.00006,ACETO DI VINO BIANCO BUSTINE,CF,CF,1,14.9079,1,16.3594,06_Giugno,14.91
FOOD,SPEZIECO,FOO.SPE.00001,ACETO DI VINO BIANCO,LT,LT,1,0.8144,13.5,9.9189,06_Giugno,10.99
FOOD,SPEZIECO,FOO.SPE.00006,SALE BUSTINE,CF,CF,1,10.5171,2,21.1884,06_Giugno,21.03
FOOD,SPEZIECO,FOO.SPE.00008,OLIO EXTRA VERGINE BUSTINE,CF,CF,1,16.4537,2,32.635,06_Giugno,32.91
FOOD,SPEZIECO,FOO.SPE.00021,ODORI MISTI,KG,KG,1,10,0.26,1.56,06_Giugno,2.6
FOOD,UOVA,FOO.UOV.00001,UOVA FRESCHE L CAT. A X 180PZ,PZ,PZ,1,0.185,4972,879.001,06_Giugno,919.82
FOOD,YOGURT,FOO.YOG.00002,YOGURT BIANCO KG.5,PZ,PZ,1,10.47,20,209.421,06_Giugno,209.4
PULIZIA,DETERGEN,PUL.DET.00007,BRILLANTANTE LAVAST.TOPRINSE ECOLAB 5L,PZ,PZ,1,34.8149,1,16.8042,06_Giugno,34.81
PULIZIA,STRPULIZ,PUL.STR.00009,PAGLIETTE D'ACCIAIO 1CFX10PZ,PZ,PZ,1,1.6177,6,9.7062,06_Giugno,9.7062
VARIE,CARTBUSA,VAR.CAR.00016,BUSTE SHOPPER BIANCHE 400PZ (COLAZIONI),PZ,PZ,1,0.1345,12,1.614,06_Giugno,1.61
VARIE,CARTBUSA,VAR.CAR.00017,CENTRINI MERLETTATI RETTANG 20X30 250PZ,CF,PZ,250,5.5,2,11,06_Giugno,11
VARIE,CARTBUSA,VAR.CAR.00018,SACCHETTI BIANCHI BREAKFAST 17X34 10KG,KG,KG,0,1.4312,0.1,0.1431,06_Giugno,0.14
VARIE,CARTBUSA,VAR.CAR.00022,CENTRINI MERLETTATI OVALI 30X31 250PZ,CF,PZ,250,12.5,1,10,06_Giugno,12.5
VARIE,MONOUSO,VAR.MON.00001,TOVAGLIOLI TNT POKET AZZ40X35(16CFX60PZ),CF,CF,1,5.3125,6,27.6,06_Giugno,31.88
VARIE,MONOUSO,VAR.MON.00005,TOVAGLIOLO TNT 40X40 (16CFX50PZ),CF,CF,1,3.6749,16,40,06_Giugno,58.8
VARIE,MONOUSO,VAR.MON.00007,TOVAGLIE 100X100 (4CFX25PZ),CF,CF,1,14.002,83,1164.6677,06_Giugno,1162.166
VARIE,MONOUSO,VAR.MON.00009,BICCHIERI CARTA 380ML NATURALICA 1X50PZ,CF,CF,1,5.5827,1,4.2406,06_Giugno,5.58
VARIE,MONOUSO,VAR.MON.00017,BIS POSATE PLASTICA 1CFX100PZ,CF,CF,1,8.2608,1,6.6428,06_Giugno,8.26
VARIE,MONOUSO,VAR.MON.00024,SALVALIQUIDI RETTANGOLARI GR750 1CFX50PZ,PZ,PZ,1,0.22,71,15.62,06_Giugno,15.62
VARIE,MONOUSO,VAR.MON.00032,TOVAGLIOLI TNT POKET AZZ40X35(16CFX50PZ),CF,CF,1,4.0476,69,366.5625,06_Giugno,279.28
VARIE,PROCUCIN,VAR.PCU.00003,CARTA FORNO 40X60 FOGLI,CF,CF,1,6.5707,5,32.8533,06_Giugno,32.8535
BEVERAGE,ACQUA,BEV.ACQ.00004,ACQUA FRIZZANTE 50CL X 12,BT,BT,1,0.1496,18,2.6419,07_Luglio,2.69
BEVERAGE,ACQUA,BEV.ACQ.00005,ACQUA NATURALE 50CL X 12,BT,BT,1,0.15,39,5.8513,07_Luglio,5.85
BEVERAGE,CAFFETT,BEV.CAF.00004,CAMOMILLA 1CF X 20 PZ,CF,PZ,20,1.2891,3,3.6384,07_Luglio,3.8673
BEVERAGE,CAFFETT,BEV.CAF.00005,THE TWINNINGS PURE GREEN 1CFX25PZ,CF,PZ,25,2.2606,1,2.5721,07_Luglio,2.26
BEVERAGE,CAFFETT,BEV.CAF.00006,THE TWINNINGS EARL GREY 1CFX25PZ,CF,PZ,25,1.905,4,7.206,07_Luglio,7.62
BEVERAGE,CAFFETT,BEV.CAF.00007,THE TWINNINGS FRUTTI ROSSI 1CFX25PZ,CF,PZ,25,1.9015,2,5.1082,07_Luglio,3.8
BEVERAGE,CAFFETT,BEV.CAF.00009,DIETOR,CF,CF,1,2.4505,5,12.0194,07_Luglio,12.25
BEVERAGE,CAFFETT,BEV.CAF.00010,THE TWINNINGS NERO ENG. BREAKFAST 1CFX25,CF,PZ,25,3.2405,7,21.5943,07_Luglio,22.68
BEVERAGE,CAFFETT,BEV.CAF.00028,LATTE SOLUBILE 500GR x 20 pz,PZ,PZ,1,5.7915,51,274.2166,07_Luglio,295.3665
BEVERAGE,CAFFETT,BEV.CAF.00004,CAFFE IN GRANI BREAKFAST,KG,GR,100,15,42,630,07_Luglio,630
BEVERAGE,LATTE,BEV.LAT.00001,LATTE INTERO UHT LT.1,LT,LT,1,1.216,122,148.3191,07_Luglio,148.35
BEVERAGE,LATTE,BEV.LAT.00002,LATTE DI RISO LT.1,LT,LT,1,1.3208,4,6.0292,07_Luglio,5.28
BEVERAGE,LATTE,BEV.LAT.00003,LATTE DI SOIA LT.1,LT,LT,1,1.6799,7,11.4105,07_Luglio,11.76
BEVERAGE,LATTE,BEV.LAT.00004,LATTE UHT PARZIALMENTE SCREMATO,LT,LT,1,1.04,51,52.9315,07_Luglio,53.04
BEVERAGE,LATTE,BEV.LAT.00005,LATTE UHT SENZA LATTOSIO 1LT,LT,LT,1,1.23,4,5.0156,07_Luglio,4.92
BEVERAGE,SOFDRINK,BEV.SOF.00028,SUCCO CONCENTRATO ARANCIA ROSSA 4GKX4PZ,PZ,PZ,1,41.75,15,626.25,07_Luglio,626.25
BEVERAGE,SOFDRINK,BEV.SOF.00029,SUCCO CONCENTRATO ACE 4GKX4PZ,PZ,PZ,1,41.75,10,417.5,07_Luglio,417.5
BEVERAGE,SOFDRINK,BEV.SOF.00030,SUCCO CONCENTRATO ANANAS 4GKX4PZ,PZ,PZ,1,41.75,9,375.75,07_Luglio,375.75
BEVERAGE,SOFDRINK,BEV.SOF.00031,SUCCO CONCENTRATO ARANCIA BIONDA 4GKX4PZ,PZ,PZ,1,41.75,4,167,07_Luglio,167
FOOD,BURR,FOO.BUR.00001,BURRO MONO 1CFX100PZ,CF,PZ,100,10.6585,15,147.3671,07_Luglio,159.88
FOOD,CARNEROS,FOO.CRO.00001,SALSICCIA AIA LUGANEGA,KG,KG,1,7.664,65,488.3046,07_Luglio,498.16
FOOD,CEREALI,FOO.CER.00001,CEREALI RISO SOFFIATO CACAO ALPEDI' 1KG,KG,KG,1,3.8395,7,19.9725,07_Luglio,26.88
FOOD,CEREALI,FOO.CER.00002,CEREALI CORN FLAKES ALPEDI' 1KG,KG,KG,1,3.8219,5,13.9367,07_Luglio,19.11
FOOD,CEREALI,FOO.CER.00003,CEREALI RISO SOFFIATO ALPEDI' 1KG,KG,KG,1,2.411,2,7.341,07_Luglio,4.82
FOOD,CEREALI,FOO.CER.00004,MUESLI CIOCCOLATO E NOCCIOLE 1KG,KG,KG,1,5.1664,17,84.2834,07_Luglio,87.83
FOOD,CEREALI,FOO.CER.00006,CEREALI ALL BRAN KELLOGG'S GR.500,PZ,PZ,1,3.8617,2,7.7284,07_Luglio,7.72
FOOD,CEREALI,FOO.CER.00007,MUESLI FRUTTI ROSSI 500GR,KG,KG,1,5.4415,15,69.6528,07_Luglio,81.6225
FOOD,CEREALI,FOO.CER.00001,FARINA 1KG,KG,KG,0,1.13,2,2.4883,07_Luglio,2.26
FOOD,FORMAGG,FOO.FOR.00001,EMMENTAL ALPEDOR,KG,GR,1000,7.3838,43,322.7635,07_Luglio,317.5
FOOD,FORMAGG,FOO.FOR.00003,FORMAGGIO PHILADELPHIA MONO 60PZ,CF,PZ,1,16.7349,12,200.7936,07_Luglio,200.82
FOOD,FORMAGG,FOO.FOR.00017,SCAMORZA AFFUMICATA,KG,GR,1000,9.331,40,377.2895,07_Luglio,373.24
FOOD,FRUTTFRE,FOO.FRU.00008,ANGURIA,KG,GR,1000,1.4229,686,774.5613,07_Luglio,976.11
FOOD,FRUTTFRE,FOO.FRU.00009,MELONE CANTALUPO,KG,GR,1000,1.821,371.1,631.8113,07_Luglio,675.77
FOOD,FRUTTFRE,FOO.FRU.00010,MELONE GIALLO,KG,GR,1000,1.489,389.9,646.4511,07_Luglio,580.56
FOOD,FRUTTSEC,FOO.FRS.00009,SEMI DI ZUCCA,KG,GR,1000,10.6913,1,10.692,07_Luglio,10.69
FOOD,FRUTTSEC,FOO.FRS.00010,SEMI DI LINO,KG,GR,1000,8.31,1,8.31,07_Luglio,8.31
FOOD,FRUTTSEC,FOO.FRS.00011,MISTO ESOTICO,KG,GR,1000,9.3602,4,37.448,07_Luglio,37.44
FOOD,FRUTTSEC,FOO.FRS.00012,MISTO FRUTTI ROSSI,KG,GR,1000,12.493,1,12.493,07_Luglio,12.49
FOOD,FRUTTSEC,FOO.FRS.00013,BANANA CHIPS,KG,GR,1000,7.467,1,7.467,07_Luglio,7.47
BEVERAGE,LATTE,FOO.LAT.00008,CILIEGINE 25GR,KG,GR,1000,7.5,49,367.5,07_Luglio,367.5
FOOD,MONODOLC,FOO.MDO.00001,BIFETTE MULINO BIANCO GR17X100PZ,PZ,PZ,1,0.1379,126,16.5942,07_Luglio,17.38
FOOD,MONODOLC,FOO.MDO.00002,BIFETTE INTEGRALI MULINO BIANCO17GRX100P,PZ,PZ,1,0.1381,79,10.5465,07_Luglio,10.91
VARIE,MONOUSO,FOO.MON.00008,ZUCCHERO BUSTINE ERIDIANA 10KG,KG,KG,1,2.7154,10,26.2703,07_Luglio,27.154
VARIE,MONOUSO,FOO.MON.00009,ZUCCHERO DI CANNA BUSTINE 10KG,KG,KG,1,2.9253,9,23.3157,07_Luglio,26.33
VARIE,MONOUSO,FOO.MON.00010,NUTELLA MONO 15GRX120PZ,PZ,PZ,1,0.1801,1440,259.4304,07_Luglio,259.34
VARIE,MONOUSO,FOO.MON.00012,ZUCCHERO SEMOLATO ERIDIANA 1KG,KG,KG,1,1.2315,1,1.2315,07_Luglio,1.23
FOOD,ORTAGGI,FOO.ORT.00002,POMODORO CUORE DI BUE,KG,KG,1,3.0293,227.2,569.3654,07_Luglio,688.25696
FOOD,ORTAGGI,FOO.ORT.00010,MISTICANZA,PZ,PZ,1,1.211,104,129.9272,07_Luglio,125.94
FOOD,ORTAGGI,FOO.ORT.00016,POMODORI SORRENTO,KG,GR,1000,1.6366,9,19.8,07_Luglio,14.73
FOOD,PANE,FOO.PAN.00001,PANE BIANCO IN CASSETTA GR.400,CF,CF,1,1.1831,98,115.64,07_Luglio,115.9438
FOOD,PANE,FOO.PAN.00002,PANE INTEGRALE IN CASSETTA  GR 400,CF,CF,1,1.18,73,86.1671,07_Luglio,86.14
FOOD,PANE,FOO.PAN.00003,PANE CIABATTA,KG,KG,1,3,61.5,184.5,07_Luglio,184.5
FOOD,PANE,FOO.PAN.00017,PANFETTE GLUTEEN FREE GR 75 X 20PZ,PZ,PZ,1,1.8,6,9,07_Luglio,10.8
FOOD,PASTICCE,FOO.PPP.00010,"BURRO PER DOLCI 2,5KG",KG,KG,1,6.669,4.7,31.3443,07_Luglio,31.34
FOOD,PASTICCE,FOO.PPP.00011,MIELE 10KG,KG,GR,1,5.9534,2,11.9068,07_Luglio,11.91
FOOD,PASTICCE,FOO.PPP.00013,CIOCCOLATO FONDENTE,KG,KG,1,11.4188,1,13.3375,07_Luglio,11.42
FOOD,PASTICCE,FOO.PPP.00014,CACAO,KG,KG,1,12,4,63.2268,07_Luglio,48
FOOD,PASTICCE,FOO.PPP.00015,ZUCCHERO A VELO 5KG,KG,KG,1,1.642,6.5,10.673,07_Luglio,10.67
FOOD,SALUMI,FOO.SAL.00001,MORTADELLA IGP,KG,KG,1,6.7412,14.9,99.448,07_Luglio,100.44388
FOOD,SALUMI,FOO.SAL.00003,SALAME MILANO FIORUCCI,KG,KG,1,11.6723,16.1,181.2617,07_Luglio,187.92403
FOOD,SALUMI,FOO.SAL.00004,PETTO DI TACCHINO FERRARINI,KG,KG,1,13.9696,42.6,515.8048,07_Luglio,595.1
FOOD,SALUMI,FOO.SAL.00005,PANCETTA / BACON,KG,KG,1,10.8796,63.715,706.5937,07_Luglio,693.19
FOOD,SALUMI,FOO.SAL.00006,PROSCIUTTO COTTO FERRARINI,KG,KG,1,7.7524,41.02,322.4724,07_Luglio,318
FOOD,SCATOLAM,FOO.SCA.00001,FAGIOLI HEINZ 415GRX24PZ,PZ,PZ,1,2.9195,150,436.3873,07_Luglio,437.93
FOOD,SEMILDOL,FOO.SDO.00004,TORTA ARTIGIANALE CAPRESE 1KG,PZ,PZ,1,15.0618,30,453.1589,07_Luglio,451.85
FOOD,SEMILDOL,FOO.SDO.00005,TORTA ARTIGIANALE CROSTATA 1KG,PZ,PZ,1,14.9028,23,328.8291,07_Luglio,342.7644
FOOD,SEMILDOL,FOO.SDO.00006,TORTA ARTIGIANALE ALLE CAROTE 1 KG,PZ,PZ,1,14.8271,16,150.0672,07_Luglio,237.23
FOOD,SEMILDOL,FOO.SDO.00007,PLUMCAKE ARTIGIANALE CACAO 800GR,PZ,PZ,1,10.9522,15,144.7409,07_Luglio,164.28
FOOD,SEMILDOL,FOO.SDO.00008,PASTIERA NAPOLETANA 100GRX24PZ,PZ,PZ,1,1.1042,256,282.6686,07_Luglio,282.68
FOOD,SEMILDOL,FOO.SDO.00009,SFOGLIATELLE FROLLE 27GRX7KG,KG,KG,1,6.7571,23.73,160.3466,07_Luglio,160.345983
FOOD,SEMILDOL,FOO.SDO.00010,SFOGLIATELLE RICCE 27GRX7KG,KG,KG,1,6.7571,45.44,307.044,07_Luglio,307.04
FOOD,SEMILDOL,FOO.SDO.00011,SACCOTTINO AL CIOCCOLATO 30GRX150PZ,PZ,PZ,1,0.3513,1329,466.8958,07_Luglio,466.88
FOOD,SEMILDOL,FOO.SDO.00012,GIRELLA CREMA E UVETTA 30GRX150PZ,PZ,PZ,1,0.3513,764,268.4041,07_Luglio,268.39
FOOD,SEMILDOL,FOO.SDO.00013,CORNETTO VUOTO 30GRX150PZ,PZ,PZ,1,0.3513,1623,570.1839,07_Luglio,570.16
FOOD,SEMILDOL,FOO.SDO.00014,"CIAMBELLA MINI 25GRX2,5KG",KG,KG,1,15.04,25.48,383.2192,07_Luglio,383.22
FOOD,SEMILDOL,FOO.SDO.00015,"KRAPFEN AL CIOCCOLATO 20GRX2,5KG",KG,KG,1,16.24,31.5,511.56,07_Luglio,511.56
FOOD,SEMILDOL,FOO.SDO.00016,MUFFIN MINI MELA CANNELLA 25GRX70PZ,PZ,PZ,1,0.4629,221,102.2957,07_Luglio,102.3
FOOD,SEMILDOL,FOO.SDO.00017,MUFFIN MINI CACAO 27GRX70PZ,PZ,PZ,1,0.4629,429,198.5808,07_Luglio,198.5841
FOOD,SEMILDOL,FOO.SDO.00018,TRECCIA MINI NOCI PECAN 50GRX80PZ,PZ,PZ,1,0.5021,470,234.7002,07_Luglio,235.99
FOOD,SEMILDOL,FOO.SDO.00019,CORNETTO PRINCIPINO CIOCCOLATO 35GRX85PZ,PZ,PZ,1,0.3271,1105,361.4257,07_Luglio,361.45
FOOD,SEMILDOL,FOO.SDO.00020,CORNETTO PRINCIPINO CREMA 35GRX85PZ,PZ,PZ,1,0.3271,1020,333.6203,07_Luglio,333.64
FOOD,SEMILDOL,FOO.SDO.00021,CORNETTO PRINCIPINO MARMELLATA 35GRX85PZ,PZ,PZ,1,0.3271,998,326.4312,07_Luglio,326.45
FOOD,SEMILDOL,FOO.SDO.00028,PLUMCAKE ARTIGIANALE AL LIMONE 800 GR,PZ,PZ,1,11.6737,26,256.1651,07_Luglio,303.52
FOOD,SEMILDOL,FOO.SDO.00029,TORTA  ARTIGIANALE ALLE MELE 1 KG,PZ,PZ,1,15.0679,19,293.9583,07_Luglio,286.29
FOOD,SEMILDOL,FOO.SDO.00031,CONFETTURA CILIEGIA 900GRX6PZ,PZ,PZ,1,3.1552,3,9.4655,07_Luglio,9.4656
FOOD,SEMILDOL,FOO.SDO.00032,CONFETTURA FRAGOLA 900GRX6PZ,PZ,PZ,1,6.0311,4,24.1244,07_Luglio,24.12
FOOD,SEMILDOL,FOO.SDO.00033,CONFETTURA ALBICOCCA 900GRX6PZ,PZ,PZ,1,6.95,2,13.9,07_Luglio,13.9
FOOD,SEMILDOL,FOO.SDO.00034,CONFETTURA PESCA 900GRX6PZ,PZ,PZ,1,4.0981,2,8.1962,07_Luglio,8.2
FOOD,SEMILDOL,FOO.SDO.00035,MIELE 900GRX6PZ,PZ,PZ,1,10,3,30,07_Luglio,30
FOOD,SEMILDOL,FOO.SDO.00036,SCIROPPO D'ACERO 900GRX6PZ,PZ,PZ,1,7.5,8,60,07_Luglio,60
FOOD,SEMILDOL,FOO.SDO.00037,CONFETTURA FRUTTI DI BOSCO 900GRX6PZ,PZ,PZ,1,6.4808,5,32.4038,07_Luglio,32.4
FOOD,SEMILDOL,FOO.SDO.00043,COPPETTA X MARMELLATA CIALDA 500PZ,PZ,PZ,1,0.0476,500,23.8,07_Luglio,23.8
FOOD,SEMILDOL,FOO.SDO.00044,BURRO DI ARACHIDI 800GRX6PZ,PZ,PZ,1,16.2484,2,32.4967,07_Luglio,32.5
FOOD,SEMILDOL,FOO.SDO.00047,PANCAKE PREPARATO MACCHINA GR 730,PZ,PZ,1,12.5,74,925,07_Luglio,925
FOOD,SEMILSAL,FOO.SSA.00011,"PANINI ALPE ADRIA MIX 3,5GRX2,7KG",KG,KG,1,9.5185,46.6,443.5627,07_Luglio,443.56
FOOD,SEMILSAL,FOO.SSA.00012,PATATE SURGELATE LA RISSOLEE GR.700,PZ,PZ,1,2.114,73,153.5823,07_Luglio,154.32
FOOD,SEMILSAL,FOO.SSA.00013,"PATATE SURGELATE A CUBETTI 2,5KGX4PZ",KG,GR,1000,3.117,19,59.223,07_Luglio,59.22
VARIE,MONOUSO,FOO.MON.00003,KETCHUP BUSTINE,CF,CF,1,10.383,2,20.449,07_Luglio,20.77
VARIE,MONOUSO,FOO.MON.00004,PEPE BUSTINE,CF,CF,1,10.27,1,10.27,07_Luglio,10.27
VARIE,MONOUSO,FOO.MON.00005,MAIONESE BUSTINE,CF,CF,1,9.1922,1,8.7644,07_Luglio,9.19
VARIE,MONOUSO,FOO.MON.00006,ACETO DI VINO BIANCO BUSTINE,CF,CF,1,14.9079,1,16.3594,07_Luglio,14.91
FOOD,SPEZIECO,FOO.SPE.00001,ACETO DI VINO BIANCO,LT,LT,1,0.8144,5,3.9148,07_Luglio,4.07
FOOD,SPEZIECO,FOO.SPE.00006,SALE BUSTINE,CF,CF,1,10.5171,1,10.5557,07_Luglio,10.52
FOOD,SPEZIECO,FOO.SPE.00008,OLIO EXTRA VERGINE BUSTINE,CF,CF,1,16.4537,5,82.0232,07_Luglio,82.27
FOOD,UOVA,FOO.UOV.00001,UOVA FRESCHE L CAT. A X 180PZ,PZ,PZ,1,0.185,6559,1159.4821,07_Luglio,1213.42
FOOD,YOGURT,FOO.YOG.00002,YOGURT BIANCO KG.5,PZ,PZ,1,10.47,20,209.4035,07_Luglio,209.4
VARIE,CARTBUSA,VAR.CAR.00016,BUSTE SHOPPER BIANCHE 400PZ (COLAZIONI),PZ,PZ,1,0.1345,55,7.3975,07_Luglio,7.3975
VARIE,CARTBUSA,VAR.CAR.00017,CENTRINI MERLETTATI RETTANG 20X30 250PZ,CF,PZ,250,5.5,3,16.5,07_Luglio,16.5
VARIE,CARTBUSA,VAR.CAR.00018,SACCHETTI BIANCHI BREAKFAST 17X34 10KG,KG,KG,0,1.4312,0.25,0.3578,07_Luglio,0.36
VARIE,CARTBUSA,VAR.CAR.00022,CENTRINI MERLETTATI OVALI 30X31 250PZ,CF,PZ,250,12.5,3,30,07_Luglio,37.5
VARIE,MONOUSO,VAR.MON.00005,TOVAGLIOLO TNT 40X40 (16CFX50PZ),CF,CF,1,3.6749,31,113.923,07_Luglio,113.9219
VARIE,MONOUSO,VAR.MON.00007,TOVAGLIE 100X100 (4CFX25PZ),CF,CF,1,14.002,98,1372.4874,07_Luglio,1372.196
VARIE,MONOUSO,VAR.MON.00024,SALVALIQUIDI RETTANGOLARI GR750 1CFX50PZ,PZ,PZ,1,0.22,32,7.04,07_Luglio,7.04
VARIE,MONOUSO,VAR.MON.00032,TOVAGLIOLI TNT POKET AZZ40X35(16CFX50PZ),CF,CF,1,4.0476,125,664.0625,07_Luglio,505.95
BEVERAGE,ACQUA,BEV.ACQ.00004,ACQUA FRIZZANTE 50CL X 12,BT,BT,1,0.1496,4,0.5936,09_Settembre,0.6
BEVERAGE,ACQUA,BEV.ACQ.00005,ACQUA NATURALE 50CL X 12,BT,BT,1,0.15,33,4.95,09_Settembre,4.95
BEVERAGE,CAFFETT,BEV.CAF.00004,CAMOMILLA 1CF X 20 PZ,CF,PZ,20,1.2891,3,3.8672,09_Settembre,3.8673
BEVERAGE,CAFFETT,BEV.CAF.00005,THE TWINNINGS PURE GREEN 1CFX25PZ,CF,PZ,25,2.2606,4,9.0424,09_Settembre,9.04
BEVERAGE,CAFFETT,BEV.CAF.00006,THE TWINNINGS EARL GREY 1CFX25PZ,CF,PZ,25,1.905,5,9.0075,09_Settembre,9.53
BEVERAGE,CAFFETT,BEV.CAF.00007,THE TWINNINGS FRUTTI ROSSI 1CFX25PZ,CF,PZ,25,1.9015,1,1.4499,09_Settembre,1.9
BEVERAGE,CAFFETT,BEV.CAF.00009,DIETOR,CF,CF,1,2.4505,12,28.6525,09_Settembre,29.41
BEVERAGE,CAFFETT,BEV.CAF.00010,THE TWINNINGS NERO ENG. BREAKFAST 1CFX25,CF,PZ,25,3.2405,15,47.5204,09_Settembre,48.61
BEVERAGE,CAFFETT,BEV.CAF.00013,TISANA TWINNINGS FRUTTI ROSSI 1CFX20PZ,CF,PZ,20,3.211,2,6.422,09_Settembre,6.42
BEVERAGE,CAFFETT,BEV.CAF.00028,LATTE SOLUBILE 500GR x 20 pz,PZ,PZ,1,5.7915,55,309.1525,09_Settembre,318.53
BEVERAGE,CAFFETT,BEV.CAF.00004,CAFFE IN GRANI BREAKFAST,KG,GR,100,15,49,735,09_Settembre,735
BEVERAGE,LATTE,BEV.LAT.00001,LATTE INTERO UHT LT.1,LT,LT,1,1.216,95,115.5174,09_Settembre,115.52
BEVERAGE,LATTE,BEV.LAT.00002,LATTE DI RISO LT.1,LT,LT,1,1.3208,4,6.3612,09_Settembre,5.28
BEVERAGE,LATTE,BEV.LAT.00003,LATTE DI SOIA LT.1,LT,LT,1,1.6799,5,8.3745,09_Settembre,8.4
BEVERAGE,LATTE,BEV.LAT.00004,LATTE UHT PARZIALMENTE SCREMATO,LT,LT,1,1.04,44,45.758,09_Settembre,45.76
BEVERAGE,LATTE,BEV.LAT.00005,LATTE UHT SENZA LATTOSIO 1LT,LT,LT,1,1.23,3,3.7169,09_Settembre,3.69
BEVERAGE,SOFDRINK,BEV.SOF.00028,SUCCO CONCENTRATO ARANCIA ROSSA 4GKX4PZ,PZ,PZ,1,41.75,7,292.25,09_Settembre,292.25
BEVERAGE,SOFDRINK,BEV.SOF.00029,SUCCO CONCENTRATO ACE 4GKX4PZ,PZ,PZ,1,41.75,7,292.25,09_Settembre,292.25
BEVERAGE,SOFDRINK,BEV.SOF.00030,SUCCO CONCENTRATO ANANAS 4GKX4PZ,PZ,PZ,1,41.75,7,292.25,09_Settembre,292.25
BEVERAGE,SOFDRINK,BEV.SOF.00031,SUCCO CONCENTRATO ARANCIA BIONDA 4GKX4PZ,PZ,PZ,1,41.75,7,292.25,09_Settembre,292.25
FOOD,BURR,FOO.BUR.00001,BURRO MONO 1CFX100PZ,CF,PZ,100,10.6585,22,227.9107,09_Settembre,234.49
FOOD,CARNEROS,FOO.CRO.00001,SALSICCIA AIA LUGANEGA,KG,KG,1,7.664,67.83,508.2845,09_Settembre,519.85
FOOD,CEREALI,FOO.CER.00001,CEREALI RISO SOFFIATO CACAO ALPEDI' 1KG,KG,KG,1,3.8395,2,7.2238,09_Settembre,7.68
FOOD,CEREALI,FOO.CER.00002,CEREALI CORN FLAKES ALPEDI' 1KG,KG,KG,1,3.8219,7,25.0819,09_Settembre,26.75
FOOD,CEREALI,FOO.CER.00003,CEREALI RISO SOFFIATO ALPEDI' 1KG,KG,KG,1,2.411,1,3.6705,09_Settembre,2.41
FOOD,CEREALI,FOO.CER.00004,MUESLI CIOCCOLATO E NOCCIOLE 1KG,KG,KG,1,5.1664,15,77.4965,09_Settembre,77.496
FOOD,CEREALI,FOO.CER.00006,CEREALI ALL BRAN KELLOGG'S GR.500,PZ,PZ,1,3.8617,4.5,17.3778,09_Settembre,17.38
FOOD,CEREALI,FOO.CER.00007,MUESLI FRUTTI ROSSI 500GR,KG,KG,1,5.4415,20.5,97.8097,09_Settembre,111.55
FOOD,FORMAGG,FOO.FOR.00001,EMMENTAL ALPEDOR,KG,GR,1000,7.3838,42.23,312.3583,09_Settembre,311.817874
FOOD,FORMAGG,FOO.FOR.00003,FORMAGGIO PHILADELPHIA MONO 60PZ,CF,PZ,1,16.7349,12,200.8187,09_Settembre,200.82
FOOD,FORMAGG,FOO.FOR.00017,SCAMORZA AFFUMICATA,KG,GR,1000,9.331,47.55,445.9963,09_Settembre,443.68905
FOOD,FRUTTFRE,FOO.FRU.00008,ANGURIA,KG,GR,1000,1.4229,459.52,587.5888,09_Settembre,653.85
FOOD,FRUTTFRE,FOO.FRU.00009,MELONE CANTALUPO,KG,GR,1000,1.821,278.9,481.4603,09_Settembre,507.8769
FOOD,FRUTTFRE,FOO.FRU.00010,MELONE GIALLO,KG,GR,1000,1.489,318.1,466.2709,09_Settembre,473.6509
FOOD,FRUTTSEC,FOO.FRS.00009,SEMI DI ZUCCA,KG,GR,1000,10.6913,2,21.3827,09_Settembre,21.38
FOOD,FRUTTSEC,FOO.FRS.00012,MISTO FRUTTI ROSSI,KG,GR,1000,12.493,3,37.479,09_Settembre,37.48
FOOD,FRUTTSEC,FOO.FRS.00013,BANANA CHIPS,KG,GR,1000,7.467,3,22.401,09_Settembre,22.4
BEVERAGE,LATTE,FOO.LAT.00008,CILIEGINE 25GR,KG,GR,1000,7.5,45.16,338.7,09_Settembre,338.7
FOOD,MONODOLC,FOO.MDO.00001,BIFETTE MULINO BIANCO GR17X100PZ,PZ,PZ,1,0.1379,138,19.0239,09_Settembre,19.03
FOOD,MONODOLC,FOO.MDO.00002,BIFETTE INTEGRALI MULINO BIANCO17GRX100P,PZ,PZ,1,0.1381,89,12.2929,09_Settembre,12.29
VARIE,MONOUSO,FOO.MON.00008,ZUCCHERO BUSTINE ERIDIANA 10KG,KG,KG,1,2.7154,11,29.8696,09_Settembre,29.87
VARIE,MONOUSO,FOO.MON.00009,ZUCCHERO DI CANNA BUSTINE 10KG,KG,KG,1,2.9253,6.5,19.0142,09_Settembre,19.01
VARIE,MONOUSO,FOO.MON.00010,NUTELLA MONO 15GRX120PZ,PZ,PZ,1,0.1801,600,108.03,09_Settembre,108.06
FOOD,ORTAGGI,FOO.ORT.00002,POMODORO CUORE DI BUE,KG,KG,1,3.0293,179.7,496.4824,09_Settembre,544.36521
FOOD,ORTAGGI,FOO.ORT.00010,MISTICANZA,PZ,PZ,1,1.211,103,123.7324,09_Settembre,124.73
FOOD,ORTAGGI,FOO.ORT.00016,POMODORI SORRENTO,KG,GR,1000,1.6366,23,53.1852,09_Settembre,37.64
FOOD,ORTAGGI,FOO.ORT.00018,CETRIOLI,KG,GR,1000,1.6287,4,5.9906,09_Settembre,6.51
FOOD,PANE,FOO.PAN.00001,PANE BIANCO IN CASSETTA GR.400,CF,CF,1,1.1831,76,90.2313,09_Settembre,89.92
FOOD,PANE,FOO.PAN.00002,PANE INTEGRALE IN CASSETTA  GR 400,CF,CF,1,1.18,66,77.8818,09_Settembre,77.88
FOOD,PANE,FOO.PAN.00003,PANE CIABATTA,KG,KG,1,3,77.11,231.33,09_Settembre,231.33
FOOD,PASTICCE,FOO.PPP.00003,STACCANTE ALIMENTARE SPRAY PER FORNO,PZ,PZ,1,4.5367,1,4.5367,09_Settembre,4.54
FOOD,PASTICCE,FOO.PPP.00013,CIOCCOLATO FONDENTE,KG,KG,1,11.4188,0.8,9.135,09_Settembre,9.14
FOOD,PASTICCE,FOO.PPP.00015,ZUCCHERO A VELO 5KG,KG,KG,1,1.642,1,1.642,09_Settembre,1.64
FOOD,PASTICCE,FOO.PPP.00016,MARMELLATA ALBICOCCA,KG,KG,1,5.9879,5,29.9395,09_Settembre,29.94
FOOD,PASTICCE,FOO.PPP.00017,GRANELLA DI NOCCIOLE 1KG,KG,KG,1,23,1,23,09_Settembre,23
FOOD,PASTICCE,FOO.PPP.00018,NOCCIOLE TOSTATE 1KG,KG,KG,1,23,1,23,09_Settembre,23
FOOD,SALUMI,FOO.SAL.00001,MORTADELLA IGP,KG,KG,1,6.7412,12.4,83.2883,09_Settembre,83.59
FOOD,SALUMI,FOO.SAL.00003,SALAME MILANO FIORUCCI,KG,KG,1,11.6723,19.448,227.0025,09_Settembre,227
FOOD,SALUMI,FOO.SAL.00004,PETTO DI TACCHINO FERRARINI,KG,KG,1,13.9696,36.9,539.0695,09_Settembre,515.48
FOOD,SALUMI,FOO.SAL.00005,PANCETTA / BACON,KG,KG,1,10.8796,59.4,655.052,09_Settembre,646.25
FOOD,SALUMI,FOO.SAL.00006,PROSCIUTTO COTTO FERRARINI,KG,KG,1,7.7524,50.31,390.7744,09_Settembre,390.02
FOOD,SCATOLAM,FOO.SCA.00001,FAGIOLI HEINZ 415GRX24PZ,PZ,PZ,1,2.9195,138,402.7405,09_Settembre,402.89
FOOD,SEMILDOL,FOO.SDO.00004,TORTA ARTIGIANALE CAPRESE 1KG,PZ,PZ,1,15.0618,29,437.4528,09_Settembre,436.79
FOOD,SEMILDOL,FOO.SDO.00005,TORTA ARTIGIANALE CROSTATA 1KG,PZ,PZ,1,14.9028,13,193.2939,09_Settembre,193.74
FOOD,SEMILDOL,FOO.SDO.00006,TORTA ARTIGIANALE ALLE CAROTE 1 KG,PZ,PZ,1,14.8271,17,252.0612,09_Settembre,252.06
FOOD,SEMILDOL,FOO.SDO.00007,PLUMCAKE ARTIGIANALE CACAO 800GR,PZ,PZ,1,10.9522,12,128.2838,09_Settembre,131.43
FOOD,SEMILDOL,FOO.SDO.00008,PASTIERA NAPOLETANA 100GRX24PZ,PZ,PZ,1,1.1042,224,247.3351,09_Settembre,247.34
FOOD,SEMILDOL,FOO.SDO.00009,SFOGLIATELLE FROLLE 27GRX7KG,KG,KG,1,6.7571,30.6,206.768,09_Settembre,206.76726
FOOD,SEMILDOL,FOO.SDO.00010,SFOGLIATELLE RICCE 27GRX7KG,KG,KG,1,6.7571,45.64,308.3954,09_Settembre,308.39
FOOD,SEMILDOL,FOO.SDO.00011,SACCOTTINO AL CIOCCOLATO 30GRX150PZ,PZ,PZ,1,0.3513,1033,362.8992,09_Settembre,362.89
FOOD,SEMILDOL,FOO.SDO.00012,GIRELLA CREMA E UVETTA 30GRX150PZ,PZ,PZ,1,0.3513,842,295.8007,09_Settembre,295.79
FOOD,SEMILDOL,FOO.SDO.00013,CORNETTO VUOTO 30GRX150PZ,PZ,PZ,1,0.3513,1291,453.532,09_Settembre,453.53
FOOD,SEMILDOL,FOO.SDO.00014,"CIAMBELLA MINI 25GRX2,5KG",KG,KG,1,15.04,23.73,356.8992,09_Settembre,356.9
FOOD,SEMILDOL,FOO.SDO.00015,"KRAPFEN AL CIOCCOLATO 20GRX2,5KG",KG,KG,1,16.24,22.5,365.4,09_Settembre,365.4
FOOD,SEMILDOL,FOO.SDO.00016,MUFFIN MINI MELA CANNELLA 25GRX70PZ,PZ,PZ,1,0.4629,284,131.4595,09_Settembre,131.4636
FOOD,SEMILDOL,FOO.SDO.00017,MUFFIN MINI CACAO 27GRX70PZ,PZ,PZ,1,0.4629,356,164.7898,09_Settembre,164.79
FOOD,SEMILDOL,FOO.SDO.00018,TRECCIA MINI NOCI PECAN 50GRX80PZ,PZ,PZ,1,0.5021,469,235.3875,09_Settembre,235.4849
FOOD,SEMILDOL,FOO.SDO.00019,CORNETTO PRINCIPINO CIOCCOLATO 35GRX85PZ,PZ,PZ,1,0.3271,821,268.541,09_Settembre,268.55
FOOD,SEMILDOL,FOO.SDO.00020,CORNETTO PRINCIPINO CREMA 35GRX85PZ,PZ,PZ,1,0.3271,810,264.9405,09_Settembre,264.95
FOOD,SEMILDOL,FOO.SDO.00021,CORNETTO PRINCIPINO MARMELLATA 35GRX85PZ,PZ,PZ,1,0.3271,985,322.171,09_Settembre,322.1935
FOOD,SEMILDOL,FOO.SDO.00022,CORNETTO VEG PRINCIPINO CEREAL 35GRX100P,PZ,PZ,1,0.345,5,1.725,09_Settembre,1.725
FOOD,SEMILDOL,FOO.SDO.00023,CORNETTO GF CACAO NOCCIOLE 100GRX12PZ,PZ,PZ,1,2.8662,17,48.7302,09_Settembre,48.73
FOOD,SEMILDOL,FOO.SDO.00024,CORNETTO GF ALBICOCCA 100GRX12PZ,PZ,PZ,1,2.9,4,11.6,09_Settembre,11.6
FOOD,SEMILDOL,FOO.SDO.00028,PLUMCAKE ARTIGIANALE AL LIMONE 800 GR,PZ,PZ,1,11.6737,28,321.489,09_Settembre,326.86
FOOD,SEMILDOL,FOO.SDO.00029,TORTA  ARTIGIANALE ALLE MELE 1 KG,PZ,PZ,1,15.0679,21,317.0501,09_Settembre,316.43
FOOD,SEMILDOL,FOO.SDO.00031,CONFETTURA CILIEGIA 900GRX6PZ,PZ,PZ,1,3.1552,2,6.3104,09_Settembre,6.31
FOOD,SEMILDOL,FOO.SDO.00032,CONFETTURA FRAGOLA 900GRX6PZ,PZ,PZ,1,6.0311,3,18.0933,09_Settembre,18.09
FOOD,SEMILDOL,FOO.SDO.00034,CONFETTURA PESCA 900GRX6PZ,PZ,PZ,1,4.0981,2,8.1962,09_Settembre,8.2
FOOD,SEMILDOL,FOO.SDO.00035,MIELE 900GRX6PZ,PZ,PZ,1,10,6,60,09_Settembre,60
FOOD,SEMILDOL,FOO.SDO.00036,SCIROPPO D'ACERO 900GRX6PZ,PZ,PZ,1,7.5,6,45,09_Settembre,45
FOOD,SEMILDOL,FOO.SDO.00037,CONFETTURA FRUTTI DI BOSCO 900GRX6PZ,PZ,PZ,1,6.4808,5,32.404,09_Settembre,32.4
FOOD,SEMILDOL,FOO.SDO.00044,BURRO DI ARACHIDI 800GRX6PZ,PZ,PZ,1,16.2484,2,32.4968,09_Settembre,32.5
FOOD,SEMILDOL,FOO.SDO.00047,PANCAKE PREPARATO MACCHINA GR 730,PZ,PZ,1,12.5,40,500,09_Settembre,500
FOOD,SEMILSAL,FOO.SSA.00011,"PANINI ALPE ADRIA MIX 3,5GRX2,7KG",KG,KG,1,9.5185,36.16,344.1895,09_Settembre,344.18896
FOOD,SEMILSAL,FOO.SSA.00012,PATATE SURGELATE LA RISSOLEE GR.700,PZ,PZ,1,2.114,80,169,09_Settembre,169.12
VARIE,MONOUSO,FOO.MON.00003,KETCHUP BUSTINE,CF,CF,1,10.383,2,20.449,09_Settembre,20.77
VARIE,MONOUSO,FOO.MON.00004,PEPE BUSTINE,CF,CF,1,10.27,1,10.27,09_Settembre,10.27
VARIE,MONOUSO,FOO.MON.00005,MAIONESE BUSTINE,CF,CF,1,9.1922,2,18.3844,09_Settembre,18.38
VARIE,MONOUSO,FOO.MON.00007,ACETO BALSAMICO BUSTINE,CF,CF,1,14.3361,2,28.6722,09_Settembre,28.67
FOOD,SPEZIECO,FOO.SPE.00006,SALE BUSTINE,CF,CF,1,10.5171,2,21.0343,09_Settembre,21.03
FOOD,SPEZIECO,FOO.SPE.00008,OLIO EXTRA VERGINE BUSTINE,CF,CF,1,16.4537,4,65.8147,09_Settembre,65.81
FOOD,UOVA,FOO.UOV.00001,UOVA FRESCHE L CAT. A X 180PZ,PZ,PZ,1,0.185,6601,1166.8788,09_Settembre,1221.19
FOOD,YOGURT,FOO.YOG.00002,YOGURT BIANCO KG.5,PZ,PZ,1,10.47,15,157.05,09_Settembre,157.05
VARIE,CARTBUSA,VAR.CAR.00016,BUSTE SHOPPER BIANCHE 400PZ (COLAZIONI),PZ,PZ,1,0.1345,48,6.456,09_Settembre,6.46
VARIE,CARTBUSA,VAR.CAR.00017,CENTRINI MERLETTATI RETTANG 20X30 250PZ,CF,PZ,250,5.5,2,11,09_Settembre,11
VARIE,CARTBUSA,VAR.CAR.00020,CENTRINI MERLETTATI RETTANGO 25X35 250PZ,CF,PZ,250,9,2,18,09_Settembre,18
VARIE,CARTBUSA,VAR.CAR.00021,CENTRINI MERLETTATI RETTANGO 30X40 250PZ,CF,PZ,250,11,2,22,09_Settembre,22
VARIE,CARTBUSA,VAR.CAR.00022,CENTRINI MERLETTATI OVALI 30X31 250PZ,CF,PZ,250,12.5,1,11.25,09_Settembre,12.5
VARIE,MONOUSO,VAR.MON.00001,TOVAGLIOLI TNT POKET AZZ40X35(16CFX60PZ),CF,CF,1,5.3125,70,371.875,09_Settembre,371.88
VARIE,MONOUSO,VAR.MON.00005,TOVAGLIOLO TNT 40X40 (16CFX50PZ),CF,CF,1,3.6749,19,69.8231,09_Settembre,69.82
VARIE,MONOUSO,VAR.MON.00007,TOVAGLIE 100X100 (4CFX25PZ),CF,CF,1,14.002,25,350.05,09_Settembre,350.05
VARIE,MONOUSO,VAR.MON.00024,SALVALIQUIDI RETTANGOLARI GR750 1CFX50PZ,PZ,PZ,1,0.22,22,4.84,09_Settembre,4.84
VARIE,MONOUSO,VAR.MON.00029,TOVAGLIE 100X100 BIANCHE 4CFX25PZ,CF,CF,1,11.875,12,139.5,09_Settembre,142.5
VARIE,MONOUSO,VAR.MON.00032,TOVAGLIOLI TNT POKET AZZ40X35(16CFX50PZ),CF,CF,1,4.0476,32,170,09_Settembre,129.52
VARIE,MONOUSO,VAR.MON.00040,CARTA PARAFFINATA 25X37 10KG,KG,KG,1,4.4,10,44,09_Settembre,44
VARIE,PROVARIE,VAR.PRO.00001,CARTA PELLICOLA CUKI 300MT X8 ROTOLO,PZ,PZ,1,6.3797,8,51.0377,09_Settembre,51.04
BEVERAGE,ACQUA,BEV.ACQ.00004,ACQUA FRIZZANTE 50CL X 12,BT,BT,1,0.1496,20,2.9922,10_Ottobre,2.99
BEVERAGE,ACQUA,BEV.ACQ.00005,ACQUA NATURALE 50CL X 12,BT,BT,1,0.15,35,5.25,10_Ottobre,5.25
BEVERAGE,ACQUA,BEV.ACQ.00009,ACQUA FRIZZANTE SVEVA 50CLX24PZ,BT,BT,1,0.1229,14,1.7208,10_Ottobre,1.72
BEVERAGE,ACQUA,BEV.ACQ.00010,ACQUA NATURALE LILIA 50CLX24PZ,BT,BT,1,0.164,15,2.46,10_Ottobre,2.46
BEVERAGE,CAFFETT,BEV.CAF.00004,CAMOMILLA 1CF X 20 PZ,CF,PZ,20,1.2891,3,3.8673,10_Ottobre,3.8673
BEVERAGE,CAFFETT,BEV.CAF.00005,THE TWINNINGS PURE GREEN 1CFX25PZ,CF,PZ,25,2.2606,5,11.303,10_Ottobre,11.3
BEVERAGE,CAFFETT,BEV.CAF.00006,THE TWINNINGS EARL GREY 1CFX25PZ,CF,PZ,25,1.905,7,12.6105,10_Ottobre,13.34
BEVERAGE,CAFFETT,BEV.CAF.00007,THE TWINNINGS FRUTTI ROSSI 1CFX25PZ,CF,PZ,25,1.9015,6,8.6994,10_Ottobre,11.409
BEVERAGE,CAFFETT,BEV.CAF.00009,DIETOR,CF,CF,1,2.4505,9,22.0548,10_Ottobre,22.0545
BEVERAGE,CAFFETT,BEV.CAF.00010,THE TWINNINGS NERO ENG. BREAKFAST 1CFX25,CF,PZ,25,3.2405,21,67.427,10_Ottobre,68.05
BEVERAGE,CAFFETT,BEV.CAF.00013,TISANA TWINNINGS FRUTTI ROSSI 1CFX20PZ,CF,PZ,20,3.211,3,9.633,10_Ottobre,9.63
BEVERAGE,CAFFETT,BEV.CAF.00025,ORZO SOLUBILE 250GR X 20,PZ,PZ,1,24,3,72,10_Ottobre,72
BEVERAGE,CAFFETT,BEV.CAF.00027,CIOCCOLATO SOLUBILE 1KG,PZ,PZ,1,16.7,5,83.5,10_Ottobre,83.5
BEVERAGE,CAFFETT,BEV.CAF.00028,LATTE SOLUBILE 500GR x 20 pz,PZ,PZ,1,5.7915,48,269.808,10_Ottobre,277.99
BEVERAGE,CAFFETT,BEV.CAF.00004,CAFFE IN GRANI BREAKFAST,KG,GR,100,15,37,555,10_Ottobre,555
BEVERAGE,LATTE,BEV.LAT.00001,LATTE INTERO UHT LT.1,LT,LT,1,1.216,72,87.552,10_Ottobre,87.552
BEVERAGE,LATTE,BEV.LAT.00002,LATTE DI RISO LT.1,LT,LT,1,1.3208,4,5.283,10_Ottobre,5.28
BEVERAGE,LATTE,BEV.LAT.00003,LATTE DI SOIA LT.1,LT,LT,1,1.6799,4,6.6394,10_Ottobre,6.72
BEVERAGE,LATTE,BEV.LAT.00004,LATTE UHT PARZIALMENTE SCREMATO,LT,LT,1,1.04,52,54.08,10_Ottobre,54.08
BEVERAGE,LATTE,BEV.LAT.00005,LATTE UHT SENZA LATTOSIO 1LT,LT,LT,1,1.23,3,3.807,10_Ottobre,3.69
BEVERAGE,SOFDRINK,BEV.SOF.00028,SUCCO CONCENTRATO ARANCIA ROSSA 4GKX4PZ,PZ,PZ,1,41.75,2,83.5,10_Ottobre,83.5
BEVERAGE,SOFDRINK,BEV.SOF.00029,SUCCO CONCENTRATO ACE 4GKX4PZ,PZ,PZ,1,41.75,5,208.75,10_Ottobre,208.75
BEVERAGE,SOFDRINK,BEV.SOF.00030,SUCCO CONCENTRATO ANANAS 4GKX4PZ,PZ,PZ,1,41.75,9,375.75,10_Ottobre,375.75
BEVERAGE,SOFDRINK,BEV.SOF.00031,SUCCO CONCENTRATO ARANCIA BIONDA 4GKX4PZ,PZ,PZ,1,41.75,8,334,10_Ottobre,334
FOOD,BURR,FOO.BUR.00001,BURRO MONO 1CFX100PZ,CF,PZ,100,10.6585,14,149.2187,10_Ottobre,149.22
FOOD,CARNEROS,FOO.CRO.00001,SALSICCIA AIA LUGANEGA,KG,KG,1,7.664,45,344.88,10_Ottobre,344.88
FOOD,CEREALI,FOO.CER.00002,CEREALI CORN FLAKES ALPEDI' 1KG,KG,KG,1,3.8219,2.5,8.9578,10_Ottobre,9.55
FOOD,CEREALI,FOO.CER.00003,CEREALI RISO SOFFIATO ALPEDI' 1KG,KG,KG,1,2.411,1,3.6705,10_Ottobre,2.41
FOOD,CEREALI,FOO.CER.00004,MUESLI CIOCCOLATO E NOCCIOLE 1KG,KG,KG,1,5.1664,7.5,38.748,10_Ottobre,38.748
FOOD,CEREALI,FOO.CER.00006,CEREALI ALL BRAN KELLOGG'S GR.500,PZ,PZ,1,3.8617,2,7.7234,10_Ottobre,7.72
FOOD,CEREALI,FOO.CER.00007,MUESLI FRUTTI ROSSI 500GR,KG,KG,1,5.4415,8,43.5322,10_Ottobre,43.53
FOOD,FORMAGG,FOO.FOR.00001,EMMENTAL ALPEDOR,KG,GR,1000,7.3838,37.85,279.4756,10_Ottobre,279.48
FOOD,FORMAGG,FOO.FOR.00003,FORMAGGIO PHILADELPHIA MONO 60PZ,CF,PZ,1,16.7349,8,133.8795,10_Ottobre,133.88
FOOD,FORMAGG,FOO.FOR.00017,SCAMORZA AFFUMICATA,KG,GR,1000,9.331,30.15,281.3284,10_Ottobre,281.32965
FOOD,FRUTTFRE,FOO.FRU.00008,ANGURIA,KG,GR,1000,1.4229,221,314.4563,10_Ottobre,314.4609
FOOD,FRUTTFRE,FOO.FRU.00009,MELONE CANTALUPO,KG,GR,1000,1.821,172,313.2046,10_Ottobre,313.21
FOOD,FRUTTFRE,FOO.FRU.00010,MELONE GIALLO,KG,GR,1000,1.489,257,382.6633,10_Ottobre,382.67
FOOD,FRUTTSEC,FOO.FRS.00008,SEMI DI GIRASOLE,KG,GR,1000,4.1133,2,8.2266,10_Ottobre,8.23
FOOD,FRUTTSEC,FOO.FRS.00011,MISTO ESOTICO,KG,GR,1000,9.3602,5,46.801,10_Ottobre,46.8
FOOD,FRUTTSEC,FOO.FRS.00012,MISTO FRUTTI ROSSI,KG,GR,1000,12.493,2,24.986,10_Ottobre,24.99
FOOD,FRUTTSEC,FOO.FRS.00013,BANANA CHIPS,KG,GR,1000,7.467,2,14.934,10_Ottobre,14.93
BEVERAGE,LATTE,FOO.LAT.00008,CILIEGINE 25GR,KG,GR,1000,7.5,22,165,10_Ottobre,165
FOOD,MONODOLC,FOO.MDO.00001,BIFETTE MULINO BIANCO GR17X100PZ,PZ,PZ,1,0.1379,70,9.653,10_Ottobre,9.65
FOOD,MONODOLC,FOO.MDO.00002,BIFETTE INTEGRALI MULINO BIANCO17GRX100P,PZ,PZ,1,0.1381,180,24.858,10_Ottobre,24.86
VARIE,MONOUSO,FOO.MON.00008,ZUCCHERO BUSTINE ERIDIANA 10KG,KG,KG,1,2.7154,9,24.4386,10_Ottobre,24.4386
VARIE,MONOUSO,FOO.MON.00009,ZUCCHERO DI CANNA BUSTINE 10KG,KG,KG,1,2.9253,4,11.7012,10_Ottobre,11.7
VARIE,MONOUSO,FOO.MON.00010,NUTELLA MONO 15GRX120PZ,PZ,PZ,1,0.1801,448,80.668,10_Ottobre,80.6848
FOOD,ORTAGGI,FOO.ORT.00002,POMODORO CUORE DI BUE,KG,KG,1,3.0293,108.5,328.6742,10_Ottobre,328.68
FOOD,ORTAGGI,FOO.ORT.00010,MISTICANZA,PZ,PZ,1,1.211,73,88.4027,10_Ottobre,88.4
FOOD,ORTAGGI,FOO.ORT.00018,CETRIOLI,KG,GR,1000,1.6287,56,91.2097,10_Ottobre,91.21
FOOD,PANE,FOO.PAN.00001,PANE BIANCO IN CASSETTA GR.400,CF,CF,1,1.1831,52,61.5187,10_Ottobre,61.52
FOOD,PANE,FOO.PAN.00002,PANE INTEGRALE IN CASSETTA  GR 400,CF,CF,1,1.18,50,59,10_Ottobre,59
FOOD,PANE,FOO.PAN.00003,PANE CIABATTA,KG,KG,1,3,46,138,10_Ottobre,138
FOOD,PANE,FOO.PAN.00008,PANINI FARINA BIANCA GR 40,KG,GR,1000,4.5067,1,4.5067,10_Ottobre,4.51
FOOD,PANE,FOO.PAN.00009,PANINI INTEGRALI GR 40,KG,GR,1000,4.5067,1,4.5067,10_Ottobre,4.51
FOOD,SALUMI,FOO.SAL.00001,MORTADELLA IGP,KG,KG,1,6.7412,19.6,132.1285,10_Ottobre,132.13
FOOD,SALUMI,FOO.SAL.00003,SALAME MILANO FIORUCCI,KG,KG,1,11.6723,5.1,59.5287,10_Ottobre,59.52873
FOOD,SALUMI,FOO.SAL.00004,PETTO DI TACCHINO FERRARINI,KG,KG,1,13.9696,23.7,340.3491,10_Ottobre,331.08
FOOD,SALUMI,FOO.SAL.00005,PANCETTA / BACON,KG,KG,1,10.8796,38.308,419.9638,10_Ottobre,416.78
FOOD,SALUMI,FOO.SAL.00006,PROSCIUTTO COTTO FERRARINI,KG,KG,1,7.7524,34.01,263.6597,10_Ottobre,263.659124
FOOD,SCATOLAM,FOO.SCA.00001,FAGIOLI HEINZ 415GRX24PZ,PZ,PZ,1,2.9195,111,324.0656,10_Ottobre,324.06
FOOD,SCATOLAM,FOO.SCA.00020,"FAGIOLI HEINZ 2,60KG",PZ,PZ,1,8.27,4,33.08,10_Ottobre,33.08
FOOD,SEMILDOL,FOO.SDO.00004,TORTA ARTIGIANALE CAPRESE 1KG,PZ,PZ,1,15.0618,7,105.4328,10_Ottobre,105.43
FOOD,SEMILDOL,FOO.SDO.00005,TORTA ARTIGIANALE CROSTATA 1KG,PZ,PZ,1,14.9028,11,163.931,10_Ottobre,163.9308
FOOD,SEMILDOL,FOO.SDO.00006,TORTA ARTIGIANALE ALLE CAROTE 1 KG,PZ,PZ,1,14.8271,8,118.6168,10_Ottobre,118.62
FOOD,SEMILDOL,FOO.SDO.00007,PLUMCAKE ARTIGIANALE CACAO 800GR,PZ,PZ,1,10.9522,5,54.7612,10_Ottobre,54.761
FOOD,SEMILDOL,FOO.SDO.00008,PASTIERA NAPOLETANA 100GRX24PZ,PZ,PZ,1,1.1042,170,187.7111,10_Ottobre,187.71
FOOD,SEMILDOL,FOO.SDO.00009,SFOGLIATELLE FROLLE 27GRX7KG,KG,KG,1,6.7571,31.8,214.8764,10_Ottobre,214.87578
FOOD,SEMILDOL,FOO.SDO.00010,SFOGLIATELLE RICCE 27GRX7KG,KG,KG,1,6.7571,25.86,174.7394,10_Ottobre,174.74
FOOD,SEMILDOL,FOO.SDO.00011,SACCOTTINO AL CIOCCOLATO 30GRX150PZ,PZ,PZ,1,0.3513,597,209.7326,10_Ottobre,209.73
FOOD,SEMILDOL,FOO.SDO.00012,GIRELLA CREMA E UVETTA 30GRX150PZ,PZ,PZ,1,0.3513,825,289.8371,10_Ottobre,289.82
FOOD,SEMILDOL,FOO.SDO.00013,CORNETTO VUOTO 30GRX150PZ,PZ,PZ,1,0.3513,1052,369.5876,10_Ottobre,369.57
FOOD,SEMILDOL,FOO.SDO.00014,"CIAMBELLA MINI 25GRX2,5KG",KG,KG,1,15.04,16.57,249.2128,10_Ottobre,249.21
FOOD,SEMILDOL,FOO.SDO.00015,"KRAPFEN AL CIOCCOLATO 20GRX2,5KG",KG,KG,1,16.24,17.5,284.2,10_Ottobre,284.2
FOOD,SEMILDOL,FOO.SDO.00016,MUFFIN MINI MELA CANNELLA 25GRX70PZ,PZ,PZ,1,0.4629,176,81.4672,10_Ottobre,81.47
FOOD,SEMILDOL,FOO.SDO.00017,MUFFIN MINI CACAO 27GRX70PZ,PZ,PZ,1,0.4629,221,102.2957,10_Ottobre,102.3
FOOD,SEMILDOL,FOO.SDO.00018,TRECCIA MINI NOCI PECAN 50GRX80PZ,PZ,PZ,1,0.5021,377,189.3054,10_Ottobre,189.29
FOOD,SEMILDOL,FOO.SDO.00019,CORNETTO PRINCIPINO CIOCCOLATO 35GRX85PZ,PZ,PZ,1,0.3271,595,194.6123,10_Ottobre,194.62
FOOD,SEMILDOL,FOO.SDO.00020,CORNETTO PRINCIPINO CREMA 35GRX85PZ,PZ,PZ,1,0.3271,685,224.0495,10_Ottobre,224.06
FOOD,SEMILDOL,FOO.SDO.00021,CORNETTO PRINCIPINO MARMELLATA 35GRX85PZ,PZ,PZ,1,0.3271,720,235.5017,10_Ottobre,235.51
FOOD,SEMILDOL,FOO.SDO.00022,CORNETTO VEG PRINCIPINO CEREAL 35GRX100P,PZ,PZ,1,0.345,20,6.9,10_Ottobre,6.9
FOOD,SEMILDOL,FOO.SDO.00023,CORNETTO GF CACAO NOCCIOLE 100GRX12PZ,PZ,PZ,1,2.8662,9,25.7961,10_Ottobre,25.8
FOOD,SEMILDOL,FOO.SDO.00024,CORNETTO GF ALBICOCCA 100GRX12PZ,PZ,PZ,1,2.9,8,23.2,10_Ottobre,23.2
FOOD,SEMILDOL,FOO.SDO.00028,PLUMCAKE ARTIGIANALE AL LIMONE 800 GR,PZ,PZ,1,11.6737,19,221.7996,10_Ottobre,221.8
FOOD,SEMILDOL,FOO.SDO.00029,TORTA  ARTIGIANALE ALLE MELE 1 KG,PZ,PZ,1,15.0679,12,180.8147,10_Ottobre,180.81
FOOD,SEMILDOL,FOO.SDO.00031,CONFETTURA CILIEGIA 900GRX6PZ,PZ,PZ,1,3.1552,2,6.3104,10_Ottobre,6.31
FOOD,SEMILDOL,FOO.SDO.00032,CONFETTURA FRAGOLA 900GRX6PZ,PZ,PZ,1,6.0311,3,18.0933,10_Ottobre,18.09
FOOD,SEMILDOL,FOO.SDO.00033,CONFETTURA ALBICOCCA 900GRX6PZ,PZ,PZ,1,6.95,1,6.95,10_Ottobre,6.95
FOOD,SEMILDOL,FOO.SDO.00034,CONFETTURA PESCA 900GRX6PZ,PZ,PZ,1,4.0981,1,4.0981,10_Ottobre,4.1
FOOD,SEMILDOL,FOO.SDO.00035,MIELE 900GRX6PZ,PZ,PZ,1,10,1,10,10_Ottobre,10
FOOD,SEMILDOL,FOO.SDO.00036,SCIROPPO D'ACERO 900GRX6PZ,PZ,PZ,1,7.5,2,15,10_Ottobre,15
FOOD,SEMILDOL,FOO.SDO.00037,CONFETTURA FRUTTI DI BOSCO 900GRX6PZ,PZ,PZ,1,6.4808,2,12.9616,10_Ottobre,12.96
FOOD,SEMILDOL,FOO.SDO.00042,BISCOTTI GRAN MERENDA 500GR,CF,CF,1,2.3517,2,4.7033,10_Ottobre,4.7
FOOD,SEMILDOL,FOO.SDO.00044,BURRO DI ARACHIDI 800GRX6PZ,PZ,PZ,1,16.2484,1,16.2484,10_Ottobre,16.25
FOOD,SEMILDOL,FOO.SDO.00047,PANCAKE PREPARATO MACCHINA GR 730,PZ,PZ,1,12.5,26,325,10_Ottobre,325
FOOD,SEMILSAL,FOO.SSA.00011,"PANINI ALPE ADRIA MIX 3,5GRX2,7KG",KG,KG,1,9.5185,25.94,246.9103,10_Ottobre,246.91
FOOD,SEMILSAL,FOO.SSA.00012,PATATE SURGELATE LA RISSOLEE GR.700,PZ,PZ,1,2.114,61,128.9563,10_Ottobre,128.954
VARIE,MONOUSO,FOO.MON.00003,KETCHUP BUSTINE,CF,CF,1,10.383,2,20.766,10_Ottobre,20.77
VARIE,MONOUSO,FOO.MON.00006,ACETO DI VINO BIANCO BUSTINE,CF,CF,1,14.9079,1,14.9079,10_Ottobre,14.91
FOOD,SPEZIECO,FOO.SPE.00008,OLIO EXTRA VERGINE BUSTINE,CF,CF,1,16.4537,2,32.9074,10_Ottobre,32.91
FOOD,UOVA,FOO.UOV.00001,UOVA FRESCHE L CAT. A X 180PZ,PZ,PZ,1,0.185,4622,812.3062,10_Ottobre,855.07
FOOD,YOGURT,FOO.YOG.00002,YOGURT BIANCO KG.5,PZ,PZ,1,10.47,15,157.05,10_Ottobre,157.05
VARIE,CARTBUSA,VAR.CAR.00016,BUSTE SHOPPER BIANCHE 400PZ (COLAZIONI),PZ,PZ,1,0.1345,52,6.994,10_Ottobre,6.994
VARIE,CARTBUSA,VAR.CAR.00017,CENTRINI MERLETTATI RETTANG 20X30 250PZ,CF,PZ,250,5.5,1,5.5,10_Ottobre,5.5
VARIE,CARTBUSA,VAR.CAR.00018,SACCHETTI BIANCHI BREAKFAST 17X34 10KG,KG,KG,0,1.4312,1.5,2.1468,10_Ottobre,2.15
VARIE,CARTBUSA,VAR.CAR.00021,CENTRINI MERLETTATI RETTANGO 30X40 250PZ,CF,PZ,250,11,1,11,10_Ottobre,11
VARIE,CARTBUSA,VAR.CAR.00022,CENTRINI MERLETTATI OVALI 30X31 250PZ,CF,PZ,250,12.5,2,25,10_Ottobre,25
VARIE,MONOUSO,VAR.MON.00001,TOVAGLIOLI TNT POKET AZZ40X35(16CFX60PZ),CF,CF,1,5.3125,26,138.125,10_Ottobre,138.13
VARIE,MONOUSO,VAR.MON.00005,TOVAGLIOLO TNT 40X40 (16CFX50PZ),CF,CF,1,3.6749,15,55.1235,10_Ottobre,55.12
VARIE,MONOUSO,VAR.MON.00017,BIS POSATE PLASTICA 1CFX100PZ,CF,CF,1,8.2608,1,8.2608,10_Ottobre,8.26
VARIE,MONOUSO,VAR.MON.00024,SALVALIQUIDI RETTANGOLARI GR750 1CFX50PZ,PZ,PZ,1,0.22,68,14.96,10_Ottobre,14.96
VARIE,MONOUSO,VAR.MON.00029,TOVAGLIE 100X100 BIANCHE 4CFX25PZ,CF,CF,1,11.875,12,142.5,10_Ottobre,142.5
VARIE,MONOUSO,VAR.MON.00031,COPERCHI PER BICCHIERI CAPPUCC. 1CFX30PZ,CF,PZ,30,4.2,1,4.2,10_Ottobre,4.2
VARIE,MONOUSO,VAR.MON.00032,TOVAGLIOLI TNT POKET AZZ40X35(16CFX50PZ),CF,CF,1,4.0476,47,190.2381,10_Ottobre,190.24
VARIE,PROVARIE,VAR.PRO.00001,CARTA PELLICOLA CUKI 300MT X8 ROTOLO,PZ,PZ,1,6.3797,3,19.1391,10_Ottobre,19.14
VARIE,PROVARIE,VAR.PRO.00002,CARTA  ALLUMINIO 330MM X 125MT ROTOLO,PZ,PZ,1,7.606,2,15.212,10_Ottobre,15.21
VARIE,RICAMBI,VAR.RIC.00011,NASTRO TEFLON RICAMBIO MACCHINA,PZ,PZ,1,20.2,1,20.2,10_Ottobre,20.2
BEVERAGE,ACQUA,BEV.ACQ.00004,ACQUA FRIZZANTE 50CL X 12,BT,BT,1,0.1496,158,23.6368,11_Novembre,23.64
BEVERAGE,ACQUA,BEV.ACQ.00005,ACQUA NATURALE 50CL X 12,BT,BT,1,0.15,168,25.2,11_Novembre,25.2
BEVERAGE,CAFFETT,BEV.CAF.00003,CAFFE IN GRANI,KG,GR,1000,17,2,34,11_Novembre,34
BEVERAGE,CAFFETT,BEV.CAF.00005,THE TWINNINGS PURE GREEN 1CFX25PZ,CF,PZ,25,2.2606,21,47.4726,11_Novembre,47.47
BEVERAGE,CAFFETT,BEV.CAF.00006,THE TWINNINGS EARL GREY 1CFX25PZ,CF,PZ,25,1.905,1,1.905,11_Novembre,1.91
BEVERAGE,CAFFETT,BEV.CAF.00007,THE TWINNINGS FRUTTI ROSSI 1CFX25PZ,CF,PZ,25,1.9015,1,1.9015,11_Novembre,1.9
BEVERAGE,CAFFETT,BEV.CAF.00009,DIETOR,CF,CF,1,2.4505,1,2.4505,11_Novembre,2.45
BEVERAGE,CAFFETT,BEV.CAF.00010,THE TWINNINGS NERO ENG. BREAKFAST 1CFX25,CF,PZ,25,3.2405,1,3.2405,11_Novembre,3.24
BEVERAGE,CAFFETT,BEV.CAF.00013,TISANA TWINNINGS FRUTTI ROSSI 1CFX20PZ,CF,PZ,20,3.211,1,3.211,11_Novembre,3.21
BEVERAGE,CAFFETT,BEV.CAF.00004,CAFFE IN GRANI BREAKFAST,KG,GR,100,15,1,15,11_Novembre,15
BEVERAGE,LATTE,BEV.LAT.00001,LATTE INTERO UHT LT.1,LT,LT,1,1.216,2,2.432,11_Novembre,2.43
BEVERAGE,LATTE,BEV.LAT.00003,LATTE DI SOIA LT.1,LT,LT,1,1.6799,2,3.3598,11_Novembre,3.36
BEVERAGE,LATTE,BEV.LAT.00004,LATTE UHT PARZIALMENTE SCREMATO,LT,LT,1,1.04,2,2.08,11_Novembre,2.08
BEVERAGE,LATTE,BEV.LAT.00005,LATTE UHT SENZA LATTOSIO 1LT,LT,LT,1,1.23,1,1.23,11_Novembre,1.23
BEVERAGE,SOFDRINK,BEV.SOF.00025,SUCCO ARANCIA BIONDA BRICK 1LT,LT,CL,100,1.0489,2,2.0978,11_Novembre,2.1
FOOD,BURR,FOO.BUR.00001,BURRO MONO 1CFX100PZ,CF,PZ,100,10.6585,1,10.6585,11_Novembre,10.66
FOOD,CARNEROS,FOO.CRO.00001,SALSICCIA AIA LUGANEGA,KG,KG,1,7.664,10,76.64,11_Novembre,76.64
FOOD,CEREALI,FOO.CER.00001,CEREALI RISO SOFFIATO CACAO ALPEDI' 1KG,KG,KG,1,3.8395,1,3.8395,11_Novembre,3.84
FOOD,CEREALI,FOO.CER.00002,CEREALI CORN FLAKES ALPEDI' 1KG,KG,KG,1,3.8219,4.5,17.1984,11_Novembre,17.2
FOOD,CEREALI,FOO.CER.00003,CEREALI RISO SOFFIATO ALPEDI' 1KG,KG,KG,1,2.411,1,2.411,11_Novembre,2.41
FOOD,CEREALI,FOO.CER.00004,MUESLI CIOCCOLATO E NOCCIOLE 1KG,KG,KG,1,5.1664,1,5.1664,11_Novembre,5.17
FOOD,CEREALI,FOO.CER.00006,CEREALI ALL BRAN KELLOGG'S GR.500,PZ,PZ,1,3.8617,3,11.5851,11_Novembre,11.59
FOOD,CEREALI,FOO.CER.00007,MUESLI FRUTTI ROSSI 500GR,KG,KG,1,5.4415,1,5.4415,11_Novembre,5.44
FOOD,FORMAGG,FOO.FOR.00001,EMMENTAL ALPEDOR,KG,GR,1000,7.3838,7.5,55.3785,11_Novembre,55.38
FOOD,FORMAGG,FOO.FOR.00003,FORMAGGIO PHILADELPHIA MONO 60PZ,CF,PZ,1,16.7349,3,50.2047,11_Novembre,50.2
FOOD,FRUTTFRE,FOO.FRU.00002,ARANCE,KG,GR,1000,2.3627,12.5,29.5332,11_Novembre,29.53375
FOOD,FRUTTFRE,FOO.FRU.00007,MELE,KG,GR,1000,2.8494,5.338,15.21,11_Novembre,15.2100972
FOOD,MONODOLC,FOO.MDO.00001,BIFETTE MULINO BIANCO GR17X100PZ,PZ,PZ,1,0.1379,30,4.137,11_Novembre,4.14
FOOD,MONODOLC,FOO.MDO.00002,BIFETTE INTEGRALI MULINO BIANCO17GRX100P,PZ,PZ,1,0.1381,50,6.905,11_Novembre,6.91
VARIE,MONOUSO,FOO.MON.00008,ZUCCHERO BUSTINE ERIDIANA 10KG,KG,KG,1,2.7154,1,2.7154,11_Novembre,2.72
VARIE,MONOUSO,FOO.MON.00009,ZUCCHERO DI CANNA BUSTINE 10KG,KG,KG,1,2.9253,1,2.9253,11_Novembre,2.93
VARIE,MONOUSO,FOO.MON.00010,NUTELLA MONO 15GRX120PZ,PZ,PZ,1,0.1801,92,16.5692,11_Novembre,16.5692
FOOD,PANE,FOO.PAN.00002,PANE INTEGRALE IN CASSETTA  GR 400,CF,CF,1,1.18,8,9.44,11_Novembre,9.44
FOOD,PANE,FOO.PAN.00006,"PANE FUNGHETTO 1,1KG X 22 FETTEX4CF",CF,CF,1,10.2,3,30.6,11_Novembre,30.6
FOOD,PANE,FOO.PAN.00012,PANE PELATONE 12X12 33FETTEX6 CF,CF,CF,1,13.6,4,54.4,11_Novembre,54.4
FOOD,PANE,FOO.PAN.00018,KIT COLAZIONE GLUTEEN FREE,PZ,PZ,1,24.15,1,24.15,11_Novembre,24.15
FOOD,PASTICCE,FOO.PPP.00016,MARMELLATA ALBICOCCA,KG,KG,1,5.9879,6,35.9274,11_Novembre,35.93
FOOD,PASTICCE,FOO.PPP.00025,LIEVITO 25 GR,GR,GR,1,0.012,150,1.8,11_Novembre,1.8
FOOD,SALUMI,FOO.SAL.00004,PETTO DI TACCHINO FERRARINI,KG,KG,1,13.9696,1.632,22.7984,11_Novembre,22.7983872
FOOD,SALUMI,FOO.SAL.00005,PANCETTA / BACON,KG,KG,1,10.8796,3.758,40.8855,11_Novembre,40.89
FOOD,SALUMI,FOO.SAL.00006,PROSCIUTTO COTTO FERRARINI,KG,KG,1,7.7524,4,31.0096,11_Novembre,31.01
FOOD,SEMILDOL,FOO.SDO.00001,CORNETTO CEREALI E F. DI BOSCO 75GRX50PZ,PZ,PZ,1,0.612,6,3.672,11_Novembre,3.672
FOOD,SEMILDOL,FOO.SDO.00002,CORNETTO GLASSATO CREMA 90GRX50PZ,PZ,PZ,1,0.618,14,8.652,11_Novembre,8.65
FOOD,SEMILDOL,FOO.SDO.00003,CORNETTO GLASSATO CIOCCOLATO 90GRX50PZ,PZ,PZ,1,0.666,58,38.628,11_Novembre,38.63
FOOD,SEMILDOL,FOO.SDO.00004,TORTA ARTIGIANALE CAPRESE 1KG,PZ,PZ,1,15.0618,3,45.1854,11_Novembre,45.19
FOOD,SEMILDOL,FOO.SDO.00005,TORTA ARTIGIANALE CROSTATA 1KG,PZ,PZ,1,14.9028,5,74.514,11_Novembre,74.51
FOOD,SEMILDOL,FOO.SDO.00006,TORTA ARTIGIANALE ALLE CAROTE 1 KG,PZ,PZ,1,14.8271,12,177.9252,11_Novembre,177.93
FOOD,SEMILDOL,FOO.SDO.00007,PLUMCAKE ARTIGIANALE CACAO 800GR,PZ,PZ,1,10.9522,2,21.9044,11_Novembre,21.9
FOOD,SEMILDOL,FOO.SDO.00008,PASTIERA NAPOLETANA 100GRX24PZ,PZ,PZ,1,1.1042,18,19.8756,11_Novembre,19.8756
FOOD,SEMILDOL,FOO.SDO.00015,"KRAPFEN AL CIOCCOLATO 20GRX2,5KG",KG,KG,1,16.24,1,16.24,11_Novembre,16.24
FOOD,SEMILDOL,FOO.SDO.00018,TRECCIA MINI NOCI PECAN 50GRX80PZ,PZ,PZ,1,0.5021,29,14.5609,11_Novembre,14.56
FOOD,SEMILDOL,FOO.SDO.00021,CORNETTO PRINCIPINO MARMELLATA 35GRX85PZ,PZ,PZ,1,0.3271,50,16.355,11_Novembre,16.36
FOOD,SEMILDOL,FOO.SDO.00028,PLUMCAKE ARTIGIANALE AL LIMONE 800 GR,PZ,PZ,1,11.6737,3,35.0211,11_Novembre,35.0211
FOOD,SEMILDOL,FOO.SDO.00029,TORTA  ARTIGIANALE ALLE MELE 1 KG,PZ,PZ,1,15.0679,5,75.3395,11_Novembre,75.34
FOOD,SEMILDOL,FOO.SDO.00049,CONCHIGLIA PANNA LATTE GR 90 X PZ 60,PZ,PZ,1,0.6417,6,3.8502,11_Novembre,3.85
FOOD,SEMILDOL,FOO.SDO.00050,CORNETTO GLASSATO MARMELLATA GR 90XPZ50,PZ,PZ,1,0.618,4,2.472,11_Novembre,2.47
FOOD,SEMILSAL,FOO.SSA.00012,PATATE SURGELATE LA RISSOLEE GR.700,PZ,PZ,1,2.114,1,2.114,11_Novembre,2.11
FOOD,UOVA,FOO.UOV.00001,UOVA FRESCHE L CAT. A X 180PZ,PZ,PZ,1,0.185,140,25.8983,11_Novembre,25.9
FOOD,YOGURT,FOO.YOG.0003,YOGURT BIANCO 250 GR,PZ,PZ,1,1.65,15,24.75,11_Novembre,24.75
VARIE,MONOUSO,VAR.MON.00043,COPERCHI PER INSALATIERA 1200ML,PZ,PZ,1,0.11,57,6.27,11_Novembre,6.27
BEVERAGE,ACQUA,BEV.ACQ.00004,ACQUA FRIZZANTE 50CL X 12,BT,BT,1,0.1496,12,1.7805,08_Agosto,1.7952
BEVERAGE,ACQUA,BEV.ACQ.00005,ACQUA NATURALE 50CL X 12,BT,BT,1,0.15,21,3.15,08_Agosto,3.15
BEVERAGE,CAFFETT,BEV.CAF.00004,CAMOMILLA 1CF X 20 PZ,CF,PZ,20,1.2891,2,2.5146,08_Agosto,2.58
BEVERAGE,CAFFETT,BEV.CAF.00005,THE TWINNINGS PURE GREEN 1CFX25PZ,CF,PZ,25,2.2606,5,12.8605,08_Agosto,11.3
BEVERAGE,CAFFETT,BEV.CAF.00006,THE TWINNINGS EARL GREY 1CFX25PZ,CF,PZ,25,1.905,7,12.6105,08_Agosto,13.34
BEVERAGE,CAFFETT,BEV.CAF.00007,THE TWINNINGS FRUTTI ROSSI 1CFX25PZ,CF,PZ,25,1.9015,2,5.1082,08_Agosto,3.8
BEVERAGE,CAFFETT,BEV.CAF.00009,DIETOR,CF,CF,1,2.4505,15,36.5934,08_Agosto,36.76
BEVERAGE,CAFFETT,BEV.CAF.00010,THE TWINNINGS NERO ENG. BREAKFAST 1CFX25,CF,PZ,25,3.2405,10,31.294,08_Agosto,32.41
BEVERAGE,CAFFETT,BEV.CAF.00013,TISANA TWINNINGS FRUTTI ROSSI 1CFX20PZ,CF,PZ,20,3.211,5,16.055,08_Agosto,16.06
BEVERAGE,CAFFETT,BEV.CAF.00025,ORZO SOLUBILE 250GR X 20,PZ,PZ,1,24,2,48,08_Agosto,48
BEVERAGE,CAFFETT,BEV.CAF.00028,LATTE SOLUBILE 500GR x 20 pz,PZ,PZ,1,5.7915,42,225.8256,08_Agosto,243.24
BEVERAGE,CAFFETT,BEV.CAF.00004,CAFFE IN GRANI BREAKFAST,KG,GR,100,15,45,675,08_Agosto,675
BEVERAGE,LATTE,BEV.LAT.00001,LATTE INTERO UHT LT.1,LT,LT,1,1.216,105,127.6709,08_Agosto,127.68
BEVERAGE,LATTE,BEV.LAT.00002,LATTE DI RISO LT.1,LT,LT,1,1.3208,5,7.9513,08_Agosto,6.6
BEVERAGE,LATTE,BEV.LAT.00003,LATTE DI SOIA LT.1,LT,LT,1,1.6799,11,18.1874,08_Agosto,18.48
BEVERAGE,LATTE,BEV.LAT.00004,LATTE UHT PARZIALMENTE SCREMATO,LT,LT,1,1.04,36,37.4376,08_Agosto,37.44
BEVERAGE,LATTE,BEV.LAT.00005,LATTE UHT SENZA LATTOSIO 1LT,LT,LT,1,1.23,10,12.539,08_Agosto,12.3
BEVERAGE,SOFDRINK,BEV.SOF.00028,SUCCO CONCENTRATO ARANCIA ROSSA 4GKX4PZ,PZ,PZ,1,41.75,4,167,08_Agosto,167
BEVERAGE,SOFDRINK,BEV.SOF.00029,SUCCO CONCENTRATO ACE 4GKX4PZ,PZ,PZ,1,41.75,6,250.5,08_Agosto,250.5
BEVERAGE,SOFDRINK,BEV.SOF.00030,SUCCO CONCENTRATO ANANAS 4GKX4PZ,PZ,PZ,1,41.75,7,292.25,08_Agosto,292.25
BEVERAGE,SOFDRINK,BEV.SOF.00031,SUCCO CONCENTRATO ARANCIA BIONDA 4GKX4PZ,PZ,PZ,1,41.75,6,250.5,08_Agosto,250.5
FOOD,BURR,FOO.BUR.00001,BURRO MONO 1CFX100PZ,CF,PZ,100,10.6585,13,129.2346,08_Agosto,138.56
FOOD,CARNEROS,FOO.CRO.00001,SALSICCIA AIA LUGANEGA,KG,KG,1,7.664,56.21,430.2423,08_Agosto,430.79
FOOD,CEREALI,FOO.CER.00001,CEREALI RISO SOFFIATO CACAO ALPEDI' 1KG,KG,KG,1,3.8395,4,14.4477,08_Agosto,15.36
FOOD,CEREALI,FOO.CER.00002,CEREALI CORN FLAKES ALPEDI' 1KG,KG,KG,1,3.8219,3,8.3619,08_Agosto,11.47
FOOD,CEREALI,FOO.CER.00003,CEREALI RISO SOFFIATO ALPEDI' 1KG,KG,KG,1,2.411,1,3.6705,08_Agosto,2.41
FOOD,CEREALI,FOO.CER.00004,MUESLI CIOCCOLATO E NOCCIOLE 1KG,KG,KG,1,5.1664,9,44.7858,08_Agosto,46.4976
FOOD,CEREALI,FOO.CER.00006,CEREALI ALL BRAN KELLOGG'S GR.500,PZ,PZ,1,3.8617,3,11.5926,08_Agosto,11.59
FOOD,CEREALI,FOO.CER.00007,MUESLI FRUTTI ROSSI 500GR,KG,KG,1,5.4415,12.5,56.2263,08_Agosto,68.02
FOOD,FORMAGG,FOO.FOR.00001,EMMENTAL ALPEDOR,KG,GR,1000,7.3838,44.77,329.2349,08_Agosto,330.572726
FOOD,FORMAGG,FOO.FOR.00003,FORMAGGIO PHILADELPHIA MONO 60PZ,CF,PZ,1,16.7349,12,200.8166,08_Agosto,200.82
FOOD,FORMAGG,FOO.FOR.00017,SCAMORZA AFFUMICATA,KG,GR,1000,9.331,25,238.1559,08_Agosto,233.275
FOOD,FRUTTFRE,FOO.FRU.00008,ANGURIA,KG,GR,1000,1.4229,567.48,553.5614,08_Agosto,807.47
FOOD,FRUTTFRE,FOO.FRU.00009,MELONE CANTALUPO,KG,GR,1000,1.821,259.1,436.3488,08_Agosto,471.82
FOOD,FRUTTFRE,FOO.FRU.00010,MELONE GIALLO,KG,GR,1000,1.489,316,443.542,08_Agosto,470.524
FOOD,FRUTTSEC,FOO.FRS.00008,SEMI DI GIRASOLE,KG,GR,1000,4.1133,1,4.1133,08_Agosto,4.11
FOOD,FRUTTSEC,FOO.FRS.00009,SEMI DI ZUCCA,KG,GR,1000,10.6913,2,21.384,08_Agosto,21.38
FOOD,FRUTTSEC,FOO.FRS.00011,MISTO ESOTICO,KG,GR,1000,9.3602,3,28.0812,08_Agosto,28.0806
FOOD,FRUTTSEC,FOO.FRS.00012,MISTO FRUTTI ROSSI,KG,GR,1000,12.493,3,37.479,08_Agosto,37.48
FOOD,FRUTTSEC,FOO.FRS.00013,BANANA CHIPS,KG,GR,1000,7.467,2,14.934,08_Agosto,14.93
BEVERAGE,LATTE,FOO.LAT.00008,CILIEGINE 25GR,KG,GR,1000,7.5,35.34,265.05,08_Agosto,265.05
FOOD,MONODOLC,FOO.MDO.00001,BIFETTE MULINO BIANCO GR17X100PZ,PZ,PZ,1,0.1379,219,29.8606,08_Agosto,30.2
FOOD,MONODOLC,FOO.MDO.00002,BIFETTE INTEGRALI MULINO BIANCO17GRX100P,PZ,PZ,1,0.1381,107,14.5365,08_Agosto,14.78
VARIE,MONOUSO,FOO.MON.00008,ZUCCHERO BUSTINE ERIDIANA 10KG,KG,KG,1,2.7154,16,43.8703,08_Agosto,43.45
VARIE,MONOUSO,FOO.MON.00009,ZUCCHERO DI CANNA BUSTINE 10KG,KG,KG,1,2.9253,6.5,16.8389,08_Agosto,19.01
VARIE,MONOUSO,FOO.MON.00010,NUTELLA MONO 15GRX120PZ,PZ,PZ,1,0.1801,1680,302.5415,08_Agosto,302.568
FOOD,ORTAGGI,FOO.ORT.00002,POMODORO CUORE DI BUE,KG,KG,1,3.0293,146.3,379.3473,08_Agosto,443.19
FOOD,ORTAGGI,FOO.ORT.00010,MISTICANZA,PZ,PZ,1,1.211,120,149.9881,08_Agosto,145.32
FOOD,ORTAGGI,FOO.ORT.00016,POMODORI SORRENTO,KG,GR,1000,1.6366,62.2,143.8299,08_Agosto,101.8
FOOD,PANE,FOO.PAN.00001,PANE BIANCO IN CASSETTA GR.400,CF,CF,1,1.1831,82,98.131,08_Agosto,97.01
FOOD,PANE,FOO.PAN.00002,PANE INTEGRALE IN CASSETTA  GR 400,CF,CF,1,1.18,53,62.5465,08_Agosto,62.54
FOOD,PANE,FOO.PAN.00003,PANE CIABATTA,KG,KG,1,3,63.39,190.17,08_Agosto,190.17
FOOD,PANE,FOO.PAN.00017,PANFETTE GLUTEEN FREE GR 75 X 20PZ,PZ,PZ,1,1.8,6,9,08_Agosto,10.8
FOOD,PANE,FOO.PAN.00018,KIT COLAZIONE GLUTEEN FREE,PZ,PZ,1,24.15,3,72.45,08_Agosto,72.45
FOOD,PASTICCE,FOO.PPP.00003,STACCANTE ALIMENTARE SPRAY PER FORNO,PZ,PZ,1,4.5367,1,4.5367,08_Agosto,4.54
FOOD,PASTICCE,FOO.PPP.00010,"BURRO PER DOLCI 2,5KG",KG,KG,1,6.669,0.3,2.0007,08_Agosto,2.0007
FOOD,PASTICCE,FOO.PPP.00011,MIELE 10KG,KG,GR,1,5.9534,8,47.6272,08_Agosto,47.63
FOOD,PASTICCE,FOO.PPP.00013,CIOCCOLATO FONDENTE,KG,KG,1,11.4188,0.2,2.2838,08_Agosto,2.28
FOOD,SALUMI,FOO.SAL.00001,MORTADELLA IGP,KG,KG,1,6.7412,18.23,120.9938,08_Agosto,122.89
FOOD,SALUMI,FOO.SAL.00003,SALAME MILANO FIORUCCI,KG,KG,1,11.6723,20.22,228.4815,08_Agosto,236.01
FOOD,SALUMI,FOO.SAL.00004,PETTO DI TACCHINO FERRARINI,KG,KG,1,13.9696,31.57,460.4521,08_Agosto,441.02
FOOD,SALUMI,FOO.SAL.00005,PANCETTA / BACON,KG,KG,1,10.8796,49.5,566.9406,08_Agosto,538.54
FOOD,SALUMI,FOO.SAL.00006,PROSCIUTTO COTTO FERRARINI,KG,KG,1,7.7524,56.37,440.8433,08_Agosto,437.002788
FOOD,SCATOLAM,FOO.SCA.00001,FAGIOLI HEINZ 415GRX24PZ,PZ,PZ,1,2.9195,140,408.296,08_Agosto,408.73
FOOD,SEMILDOL,FOO.SDO.00004,TORTA ARTIGIANALE CAPRESE 1KG,PZ,PZ,1,15.0618,37,567.0351,08_Agosto,557.29
FOOD,SEMILDOL,FOO.SDO.00005,TORTA ARTIGIANALE CROSTATA 1KG,PZ,PZ,1,14.9028,32,473.9734,08_Agosto,476.89
FOOD,SEMILDOL,FOO.SDO.00006,TORTA ARTIGIANALE ALLE CAROTE 1 KG,PZ,PZ,1,14.8271,26,319.0236,08_Agosto,385.5
FOOD,SEMILDOL,FOO.SDO.00007,PLUMCAKE ARTIGIANALE CACAO 800GR,PZ,PZ,1,10.9522,20,201.899,08_Agosto,219.044
FOOD,SEMILDOL,FOO.SDO.00008,PASTIERA NAPOLETANA 100GRX24PZ,PZ,PZ,1,1.1042,384,424.0041,08_Agosto,424.01
FOOD,SEMILDOL,FOO.SDO.00009,SFOGLIATELLE FROLLE 27GRX7KG,KG,KG,1,6.7571,36.37,245.7567,08_Agosto,245.76
FOOD,SEMILDOL,FOO.SDO.00010,SFOGLIATELLE RICCE 27GRX7KG,KG,KG,1,6.7571,47.06,317.9904,08_Agosto,317.989126
FOOD,SEMILDOL,FOO.SDO.00011,SACCOTTINO AL CIOCCOLATO 30GRX150PZ,PZ,PZ,1,0.3513,1171,411.3753,08_Agosto,411.37
FOOD,SEMILDOL,FOO.SDO.00012,GIRELLA CREMA E UVETTA 30GRX150PZ,PZ,PZ,1,0.3513,599,210.4309,08_Agosto,210.43
FOOD,SEMILDOL,FOO.SDO.00013,CORNETTO VUOTO 30GRX150PZ,PZ,PZ,1,0.3513,2034,714.5479,08_Agosto,714.54
FOOD,SEMILDOL,FOO.SDO.00014,"CIAMBELLA MINI 25GRX2,5KG",KG,KG,1,15.04,37.72,567.3088,08_Agosto,567.3088
FOOD,SEMILDOL,FOO.SDO.00015,"KRAPFEN AL CIOCCOLATO 20GRX2,5KG",KG,KG,1,16.24,35,568.4,08_Agosto,568.4
FOOD,SEMILDOL,FOO.SDO.00016,MUFFIN MINI MELA CANNELLA 25GRX70PZ,PZ,PZ,1,0.4629,385,178.2079,08_Agosto,178.22
FOOD,SEMILDOL,FOO.SDO.00017,MUFFIN MINI CACAO 27GRX70PZ,PZ,PZ,1,0.4629,536,248.1095,08_Agosto,248.11
FOOD,SEMILDOL,FOO.SDO.00018,TRECCIA MINI NOCI PECAN 50GRX80PZ,PZ,PZ,1,0.5021,725,363.5098,08_Agosto,364.02
FOOD,SEMILDOL,FOO.SDO.00019,CORNETTO PRINCIPINO CIOCCOLATO 35GRX85PZ,PZ,PZ,1,0.3271,1219,398.7307,08_Agosto,398.73
FOOD,SEMILDOL,FOO.SDO.00020,CORNETTO PRINCIPINO CREMA 35GRX85PZ,PZ,PZ,1,0.3271,1225,400.6879,08_Agosto,400.7
FOOD,SEMILDOL,FOO.SDO.00021,CORNETTO PRINCIPINO MARMELLATA 35GRX85PZ,PZ,PZ,1,0.3271,1220,399.0445,08_Agosto,399.06
FOOD,SEMILDOL,FOO.SDO.00022,CORNETTO VEG PRINCIPINO CEREAL 35GRX100P,PZ,PZ,1,0.345,125,43.125,08_Agosto,43.13
FOOD,SEMILDOL,FOO.SDO.00023,CORNETTO GF CACAO NOCCIOLE 100GRX12PZ,PZ,PZ,1,2.8662,22,63.0615,08_Agosto,63.0564
FOOD,SEMILDOL,FOO.SDO.00024,CORNETTO GF ALBICOCCA 100GRX12PZ,PZ,PZ,1,2.9,12,34.8,08_Agosto,34.8
FOOD,SEMILDOL,FOO.SDO.00028,PLUMCAKE ARTIGIANALE AL LIMONE 800 GR,PZ,PZ,1,11.6737,36,408.9582,08_Agosto,420.25
FOOD,SEMILDOL,FOO.SDO.00029,TORTA  ARTIGIANALE ALLE MELE 1 KG,PZ,PZ,1,15.0679,27,409.8755,08_Agosto,406.83
FOOD,SEMILDOL,FOO.SDO.00031,CONFETTURA CILIEGIA 900GRX6PZ,PZ,PZ,1,3.1552,3,9.4656,08_Agosto,9.4656
FOOD,SEMILDOL,FOO.SDO.00032,CONFETTURA FRAGOLA 900GRX6PZ,PZ,PZ,1,6.0311,2,12.0622,08_Agosto,12.06
FOOD,SEMILDOL,FOO.SDO.00033,CONFETTURA ALBICOCCA 900GRX6PZ,PZ,PZ,1,6.95,2,13.9,08_Agosto,13.9
FOOD,SEMILDOL,FOO.SDO.00034,CONFETTURA PESCA 900GRX6PZ,PZ,PZ,1,4.0981,1,4.0981,08_Agosto,4.1
FOOD,SEMILDOL,FOO.SDO.00035,MIELE 900GRX6PZ,PZ,PZ,1,10,6,60,08_Agosto,60
FOOD,SEMILDOL,FOO.SDO.00036,SCIROPPO D'ACERO 900GRX6PZ,PZ,PZ,1,7.5,8,60,08_Agosto,60
FOOD,SEMILDOL,FOO.SDO.00037,CONFETTURA FRUTTI DI BOSCO 900GRX6PZ,PZ,PZ,1,6.4808,1,6.4808,08_Agosto,6.48
FOOD,SEMILDOL,FOO.SDO.00043,COPPETTA X MARMELLATA CIALDA 500PZ,PZ,PZ,1,0.0476,500,23.8,08_Agosto,23.8
FOOD,SEMILDOL,FOO.SDO.00044,BURRO DI ARACHIDI 800GRX6PZ,PZ,PZ,1,16.2484,2,32.4968,08_Agosto,32.5
FOOD,SEMILDOL,FOO.SDO.00047,PANCAKE PREPARATO MACCHINA GR 730,PZ,PZ,1,12.5,55,687.5,08_Agosto,687.5
FOOD,SEMILSAL,FOO.SSA.00011,"PANINI ALPE ADRIA MIX 3,5GRX2,7KG",KG,KG,1,9.5185,45.2,430.2368,08_Agosto,430.24
FOOD,SEMILSAL,FOO.SSA.00012,PATATE SURGELATE LA RISSOLEE GR.700,PZ,PZ,1,2.114,69,145.5553,08_Agosto,145.866
FOOD,SEMILSAL,FOO.SSA.00013,"PATATE SURGELATE A CUBETTI 2,5KGX4PZ",KG,GR,1000,3.117,1,3.117,08_Agosto,3.12
VARIE,MONOUSO,FOO.MON.00003,KETCHUP BUSTINE,CF,CF,1,10.383,2,20.449,08_Agosto,20.77
VARIE,MONOUSO,FOO.MON.00004,PEPE BUSTINE,CF,CF,1,10.27,1,10.27,08_Agosto,10.27
VARIE,MONOUSO,FOO.MON.00005,MAIONESE BUSTINE,CF,CF,1,9.1922,2,17.5288,08_Agosto,18.38
VARIE,MONOUSO,FOO.MON.00007,ACETO BALSAMICO BUSTINE,CF,CF,1,14.3361,1,14.3361,08_Agosto,14.34
FOOD,SPEZIECO,FOO.SPE.00001,ACETO DI VINO BIANCO,LT,LT,1,0.8144,8,6.4087,08_Agosto,6.52
FOOD,SPEZIECO,FOO.SPE.00006,SALE BUSTINE,CF,CF,1,10.5171,2,21.1114,08_Agosto,21.03
FOOD,SPEZIECO,FOO.SPE.00008,OLIO EXTRA VERGINE BUSTINE,CF,CF,1,16.4537,3,49.2629,08_Agosto,49.3611
FOOD,UOVA,FOO.UOV.00001,UOVA FRESCHE L CAT. A X 180PZ,PZ,PZ,1,0.185,5016,886.7404,08_Agosto,927.96
FOOD,YOGURT,FOO.YOG.00002,YOGURT BIANCO KG.5,PZ,PZ,1,10.47,20,209.4009,08_Agosto,209.4
VARIE,CARTBUSA,VAR.CAR.00016,BUSTE SHOPPER BIANCHE 400PZ (COLAZIONI),PZ,PZ,1,0.1345,18,2.421,08_Agosto,2.421
VARIE,CARTBUSA,VAR.CAR.00021,CENTRINI MERLETTATI RETTANGO 30X40 250PZ,CF,PZ,250,11,1,11,08_Agosto,11
VARIE,MONOUSO,VAR.MON.00005,TOVAGLIOLO TNT 40X40 (16CFX50PZ),CF,CF,1,3.6749,14,51.4486,08_Agosto,51.45
VARIE,MONOUSO,VAR.MON.00007,TOVAGLIE 100X100 (4CFX25PZ),CF,CF,1,14.002,83,1162.1691,08_Agosto,1162.166
VARIE,MONOUSO,VAR.MON.00017,BIS POSATE PLASTICA 1CFX100PZ,CF,CF,1,8.2608,1,14.1938,08_Agosto,8.26
VARIE,MONOUSO,VAR.MON.00024,SALVALIQUIDI RETTANGOLARI GR750 1CFX50PZ,PZ,PZ,1,0.22,78,17.16,08_Agosto,17.16
VARIE,MONOUSO,VAR.MON.00032,TOVAGLIOLI TNT POKET AZZ40X35(16CFX50PZ),CF,CF,1,4.0476,94,499.375,08_Agosto,380.47
VARIE,RICAMBI,VAR.RIC.00011,NASTRO TEFLON RICAMBIO MACCHINA,PZ,PZ,1,20.2,1,20.2,08_Agosto,20.2
BEVERAGE,ACQUA,BEV.ACQ.00004,ACQUA FRIZZANTE 50CL X 12,BT,BT,1,0.1496,1,0.1181,04_Aprile,0.15
BEVERAGE,ACQUA,BEV.ACQ.00005,ACQUA NATURALE 50CL X 12,BT,BT,1,0.15,-13,-1.9565,04_Aprile,-1.95
BEVERAGE,CAFFETT,BEV.CAF.00004,CAMOMILLA 1CF X 20 PZ,CF,PZ,20,1.2891,8,9.7027,04_Aprile,10.31
BEVERAGE,CAFFETT,BEV.CAF.00005,THE TWINNINGS PURE GREEN 1CFX25PZ,CF,PZ,25,2.2606,4,10.2884,04_Aprile,9.04
BEVERAGE,CAFFETT,BEV.CAF.00006,THE TWINNINGS EARL GREY 1CFX25PZ,CF,PZ,25,1.905,5,9.0076,04_Aprile,9.53
BEVERAGE,CAFFETT,BEV.CAF.00007,THE TWINNINGS FRUTTI ROSSI 1CFX25PZ,CF,PZ,25,1.9015,7,17.8787,04_Aprile,13.31
BEVERAGE,CAFFETT,BEV.CAF.00009,DIETOR,CF,CF,1,2.4505,3,0.7763,04_Aprile,7.35
BEVERAGE,CAFFETT,BEV.CAF.00010,THE TWINNINGS NERO ENG. BREAKFAST 1CFX25,CF,PZ,25,3.2405,5,15.0212,04_Aprile,16.2
BEVERAGE,CAFFETT,BEV.CAF.00013,TISANA TWINNINGS FRUTTI ROSSI 1CFX20PZ,CF,PZ,20,3.211,24,77.6945,04_Aprile,77.06
BEVERAGE,CAFFETT,BEV.CAF.00025,ORZO SOLUBILE 250GR X 20,PZ,PZ,1,24,4,96,04_Aprile,96
BEVERAGE,CAFFETT,BEV.CAF.00026,CAFFE AMERICANO SOLUBILE 500GR X 10,PZ,PZ,1,3.46,4,13.84,04_Aprile,13.84
BEVERAGE,CAFFETT,BEV.CAF.00028,LATTE SOLUBILE 500GR x 20 pz,PZ,PZ,1,5.7915,33,4.785,04_Aprile,191.1195
BEVERAGE,CAFFETT,BEV.CAF.00004,CAFFE IN GRANI BREAKFAST,KG,GR,100,15,23,345,04_Aprile,345
BEVERAGE,LATTE,BEV.LAT.00001,LATTE INTERO UHT LT.1,LT,LT,1,1.216,27,31.977,04_Aprile,32.83
BEVERAGE,LATTE,BEV.LAT.00002,LATTE DI RISO LT.1,LT,LT,1,1.3208,-1,-1.4029,04_Aprile,-1.32
BEVERAGE,LATTE,BEV.LAT.00003,LATTE DI SOIA LT.1,LT,LT,1,1.6799,4,5.7675,04_Aprile,6.72
BEVERAGE,LATTE,BEV.LAT.00004,LATTE UHT PARZIALMENTE SCREMATO,LT,LT,1,1.04,10,10.0111,04_Aprile,10.4
BEVERAGE,LATTE,BEV.LAT.00005,LATTE UHT SENZA LATTOSIO 1LT,LT,LT,1,1.23,2,2.18,04_Aprile,2.46
BEVERAGE,SOFDRINK,BEV.SOF.00024,SUCCO ARANCIA ROSSA BRICK 1LT,LT,CL,100,1.4133,6,8.4798,04_Aprile,8.4798
BEVERAGE,SOFDRINK,BEV.SOF.00026,SUCCO ANANAS BRICK 1LT,LT,CL,100,1.4133,8,11.3064,04_Aprile,11.31
BEVERAGE,SOFDRINK,BEV.SOF.00046,"SUCCO ARANCIA BIONDA DERBY 1,5LTX6",LT,CL,100,1.25,61.5,76.2352,04_Aprile,76.88
BEVERAGE,SOFDRINK,BEV.SOF.00047,"SUCCO ANANAS DERBY 1,5LTX6",LT,CL,100,1.2089,36,52.6,04_Aprile,43.52
BEVERAGE,SOFDRINK,BEV.SOF.00048,SUCCO ARANCIA ROSSA PFANNER 2LT,PZ,PZ,1,1.845,3,5.535,04_Aprile,5.54
BEVERAGE,SOFDRINK,BEV.SOF.00049,SUCCO ACE BRICK 1LT,LT,CL,100,1.4133,9,12.7197,04_Aprile,12.72
BEVERAGE,SOFDRINK,BEV.SOF.00050,"SUCCO ARANCIA ROSSA DERBY 1,5LT",LT,CL,100,1.1625,45,58.16,04_Aprile,52.3125
BEVERAGE,VINOBIAN,BEV.VIN.00010,VINO BIANCO PER CUCINARE,LT,LT,1,1.3326,1,1.35,04_Aprile,1.33
FOOD,BURR,FOO.BUR.00001,BURRO MONO 1CFX100PZ,CF,PZ,100,10.6585,5,44.5,04_Aprile,53.2925
FOOD,BURR,FOO.BUR.00002,BURRO 1KG,KG,KG,1,8.7871,3.4,25.2704,04_Aprile,29.88
FOOD,CARNEROS,FOO.CRO.00001,SALSICCIA AIA LUGANEGA,KG,KG,1,7.664,27.87,209.0236,04_Aprile,213.6
FOOD,CEREALI,FOO.CER.00002,CEREALI CORN FLAKES ALPEDI' 1KG,KG,KG,1,3.8219,4,0.5926,04_Aprile,15.29
FOOD,CEREALI,FOO.CER.00004,MUESLI CIOCCOLATO E NOCCIOLE 1KG,KG,KG,1,5.1664,5,24.9556,04_Aprile,25.83
FOOD,CEREALI,FOO.CER.00006,CEREALI ALL BRAN KELLOGG'S GR.500,PZ,PZ,1,3.8617,2,8.694,04_Aprile,7.72
FOOD,CEREALI,FOO.CER.00007,MUESLI FRUTTI ROSSI 500GR,KG,KG,1,5.4415,7,30.24,04_Aprile,38.09
FOOD,FORMAGG,FOO.FOR.00001,EMMENTAL ALPEDOR,KG,GR,1000,7.3838,23.1,166.4257,04_Aprile,170.56578
FOOD,FORMAGG,FOO.FOR.00003,FORMAGGIO PHILADELPHIA MONO 60PZ,CF,PZ,1,16.7349,5,83.9625,04_Aprile,83.67
FOOD,FRUTTFRE,FOO.FRU.00001,ANANAS,KG,GR,1000,2.3699,181.8,380.4966,04_Aprile,430.85
FOOD,FRUTTFRE,FOO.FRU.00002,ARANCE,KG,GR,1000,2.3627,160.5,256.8,04_Aprile,379.21
FOOD,FRUTTFRE,FOO.FRU.00003,LIMONI,KG,GR,1000,2.7427,13.5,20.3063,04_Aprile,37.02645
FOOD,FRUTTFRE,FOO.FRU.00005,ARANCE NAVEL,KG,KG,1,1.44,6.095,8.7768,04_Aprile,8.78
FOOD,FRUTTFRE,FOO.FRU.00007,MELE,KG,GR,1000,2.8494,9,13.5,04_Aprile,25.64
FOOD,MONODOLC,FOO.MDO.00001,BIFETTE MULINO BIANCO GR17X100PZ,PZ,PZ,1,0.1379,11,1.4491,04_Aprile,1.52
FOOD,MONODOLC,FOO.MDO.00002,BIFETTE INTEGRALI MULINO BIANCO17GRX100P,PZ,PZ,1,0.1381,64,8.544,04_Aprile,8.84
VARIE,MONOUSO,FOO.MON.00008,ZUCCHERO BUSTINE ERIDIANA 10KG,KG,KG,1,2.7154,13,30.9689,04_Aprile,35.3
VARIE,MONOUSO,FOO.MON.00009,ZUCCHERO DI CANNA BUSTINE 10KG,KG,KG,1,2.9253,2,4.5712,04_Aprile,5.85
VARIE,MONOUSO,FOO.MON.00010,NUTELLA MONO 15GRX120PZ,PZ,PZ,1,0.1801,442,80.665,04_Aprile,79.6
VARIE,MONOUSO,FOO.MON.00012,ZUCCHERO SEMOLATO ERIDIANA 1KG,KG,KG,1,1.2315,17,20.9266,04_Aprile,20.94
FOOD,OLIO,FOO.OLI.00002,OLIO DI GIRASOLI 5LT,LT,LT,1,1.4664,15,5.19,04_Aprile,22
FOOD,OLIO,FOO.OLI.00003,OLIO D'OLIVA EXTRA VERGINE LT.5,LT,LT,1,9.8347,2.5,23.1,04_Aprile,24.59
FOOD,ORTAGGI,FOO.ORT.00002,POMODORO CUORE DI BUE,KG,KG,1,3.0293,48.487,145.461,04_Aprile,146.88
FOOD,PANE,FOO.PAN.00001,PANE BIANCO IN CASSETTA GR.400,CF,CF,1,1.1831,40,47.2,04_Aprile,47.32
FOOD,PANE,FOO.PAN.00002,PANE INTEGRALE IN CASSETTA  GR 400,CF,CF,1,1.18,34,41.31,04_Aprile,40.12
FOOD,PANE,FOO.PAN.00003,PANE CIABATTA,KG,KG,1,3,35.2,123.2,04_Aprile,105.6
FOOD,PANE,FOO.PAN.00004,PAN BAULETTO GF MULINO BIANCO,PZ,PZ,1,2.99,1,2.99,04_Aprile,2.99
FOOD,PASTICCE,FOO.PPP.00001,ESTRATTO DI VANIGLIA LIQUIDO,PZ,PZ,1,0.648,5,3.24,04_Aprile,3.24
FOOD,PASTICCE,FOO.PPP.00002,FARINA PER DOLCI 1KG,KG,KG,1,1.7102,7,12.012,04_Aprile,11.97
FOOD,PASTICCE,FOO.PPP.00003,STACCANTE ALIMENTARE SPRAY PER FORNO,PZ,PZ,1,4.5367,2,9.0733,04_Aprile,9.07
FOOD,PASTICCE,FOO.PPP.00009,ALBUME D'UOVO 1LT,LT,LT,1,3.35,2,8.48,04_Aprile,6.7
FOOD,PASTICCE,FOO.PPP.00010,"BURRO PER DOLCI 2,5KG",KG,KG,1,6.669,1,6.669,04_Aprile,6.67
FOOD,PASTICCE,FOO.PPP.00013,CIOCCOLATO FONDENTE,KG,KG,1,11.4188,0.5,6.6688,04_Aprile,5.71
FOOD,PASTICCE,FOO.PPP.00016,MARMELLATA ALBICOCCA,KG,KG,1,5.9879,1,5.9867,04_Aprile,5.99
FOOD,SALUMI,FOO.SAL.00001,MORTADELLA IGP,KG,KG,1,6.7412,3,19.4399,04_Aprile,20.22
FOOD,SALUMI,FOO.SAL.00002,PROSCIUTTO COTTO MORGESE,KG,KG,1,7.6397,16.998,129.86,04_Aprile,129.8596206
FOOD,SALUMI,FOO.SAL.00003,SALAME MILANO FIORUCCI,KG,KG,1,11.6723,9.9,110.2439,04_Aprile,115.55577
FOOD,SALUMI,FOO.SAL.00004,PETTO DI TACCHINO FERRARINI,KG,KG,1,13.9696,16.1,225.9836,04_Aprile,224.91
FOOD,SALUMI,FOO.SAL.00005,PANCETTA / BACON,KG,KG,1,10.8796,18.056,196.8946,04_Aprile,196.44
FOOD,SALUMI,FOO.SAL.00006,PROSCIUTTO COTTO FERRARINI,KG,KG,1,7.7524,-0.792,-6.3922,04_Aprile,-6.14
FOOD,SCATOLAM,FOO.SCA.00001,FAGIOLI HEINZ 415GRX24PZ,PZ,PZ,1,2.9195,80,186.88,04_Aprile,233.56
FOOD,SEMILDOL,FOO.SDO.00004,TORTA ARTIGIANALE CAPRESE 1KG,PZ,PZ,1,15.0618,13,130,04_Aprile,195.8
FOOD,SEMILDOL,FOO.SDO.00005,TORTA ARTIGIANALE CROSTATA 1KG,PZ,PZ,1,14.9028,15,185,04_Aprile,223.542
FOOD,SEMILDOL,FOO.SDO.00006,TORTA ARTIGIANALE ALLE CAROTE 1 KG,PZ,PZ,1,14.8271,12,117.6,04_Aprile,177.93
FOOD,SEMILDOL,FOO.SDO.00007,PLUMCAKE ARTIGIANALE CACAO 800GR,PZ,PZ,1,10.9522,10,92.3077,04_Aprile,109.522
FOOD,SEMILDOL,FOO.SDO.00008,PASTIERA NAPOLETANA 100GRX24PZ,PZ,PZ,1,1.1042,264,291.5,04_Aprile,291.51
FOOD,SEMILDOL,FOO.SDO.00009,SFOGLIATELLE FROLLE 27GRX7KG,KG,KG,1,6.7571,18.96,128.1154,04_Aprile,128.11
FOOD,SEMILDOL,FOO.SDO.00010,SFOGLIATELLE RICCE 27GRX7KG,KG,KG,1,6.7571,27.46,185.5511,04_Aprile,185.55
FOOD,SEMILDOL,FOO.SDO.00011,SACCOTTINO AL CIOCCOLATO 30GRX150PZ,PZ,PZ,1,0.3513,524,184.0837,04_Aprile,184.08
FOOD,SEMILDOL,FOO.SDO.00012,GIRELLA CREMA E UVETTA 30GRX150PZ,PZ,PZ,1,0.3513,300,105.3914,04_Aprile,105.39
FOOD,SEMILDOL,FOO.SDO.00013,CORNETTO VUOTO 30GRX150PZ,PZ,PZ,1,0.3513,549,192.8617,04_Aprile,192.86
FOOD,SEMILDOL,FOO.SDO.00014,"CIAMBELLA MINI 25GRX2,5KG",KG,KG,1,15.04,14.5,218.08,04_Aprile,218.08
FOOD,SEMILDOL,FOO.SDO.00015,"KRAPFEN AL CIOCCOLATO 20GRX2,5KG",KG,KG,1,16.24,13,211.12,04_Aprile,211.12
FOOD,SEMILDOL,FOO.SDO.00016,MUFFIN MINI MELA CANNELLA 25GRX70PZ,PZ,PZ,1,0.4629,222,102.7588,04_Aprile,102.7638
FOOD,SEMILDOL,FOO.SDO.00017,MUFFIN MINI CACAO 27GRX70PZ,PZ,PZ,1,0.4629,260,120.3482,04_Aprile,120.35
FOOD,SEMILDOL,FOO.SDO.00018,TRECCIA MINI NOCI PECAN 50GRX80PZ,PZ,PZ,1,0.5021,320,148.0971,04_Aprile,160.67
FOOD,SEMILDOL,FOO.SDO.00019,CORNETTO PRINCIPINO CIOCCOLATO 35GRX85PZ,PZ,PZ,1,0.3271,510,166.77,04_Aprile,166.82
FOOD,SEMILDOL,FOO.SDO.00020,CORNETTO PRINCIPINO CREMA 35GRX85PZ,PZ,PZ,1,0.3271,520,170.0706,04_Aprile,170.09
FOOD,SEMILDOL,FOO.SDO.00021,CORNETTO PRINCIPINO MARMELLATA 35GRX85PZ,PZ,PZ,1,0.3271,580,189.6685,04_Aprile,189.72
FOOD,SEMILDOL,FOO.SDO.00022,CORNETTO VEG PRINCIPINO CEREAL 35GRX100P,PZ,PZ,1,0.345,13,4.485,04_Aprile,4.485
FOOD,SEMILDOL,FOO.SDO.00023,CORNETTO GF CACAO NOCCIOLE 100GRX12PZ,PZ,PZ,1,2.8662,13,37.2558,04_Aprile,37.2606
FOOD,SEMILDOL,FOO.SDO.00024,CORNETTO GF ALBICOCCA 100GRX12PZ,PZ,PZ,1,2.9,12,34.8,04_Aprile,34.8
FOOD,SEMILDOL,FOO.SDO.00028,PLUMCAKE ARTIGIANALE AL LIMONE 800 GR,PZ,PZ,1,11.6737,11,101.5385,04_Aprile,128.41
FOOD,SEMILDOL,FOO.SDO.00029,TORTA  ARTIGIANALE ALLE MELE 1 KG,PZ,PZ,1,15.0679,6,87.75,04_Aprile,90.41
FOOD,SEMILDOL,FOO.SDO.00030,COPPETTA X MARMELLATA CIALDA 500 PZ,PZ,PZ,1,0.0429,500,21.45,04_Aprile,21.45
FOOD,SEMILDOL,FOO.SDO.00032,CONFETTURA FRAGOLA 900GRX6PZ,PZ,PZ,1,6.0311,2,6.95,04_Aprile,12.06
FOOD,SEMILDOL,FOO.SDO.00033,CONFETTURA ALBICOCCA 900GRX6PZ,PZ,PZ,1,6.95,2,13.9,04_Aprile,13.9
FOOD,SEMILDOL,FOO.SDO.00034,CONFETTURA PESCA 900GRX6PZ,PZ,PZ,1,4.0981,3,6.255,04_Aprile,12.29
FOOD,SEMILDOL,FOO.SDO.00035,MIELE 900GRX6PZ,PZ,PZ,1,10,2,20,04_Aprile,20
FOOD,SEMILDOL,FOO.SDO.00036,SCIROPPO D'ACERO 900GRX6PZ,PZ,PZ,1,7.5,2,15,04_Aprile,15
FOOD,SEMILDOL,FOO.SDO.00037,CONFETTURA FRUTTI DI BOSCO 900GRX6PZ,PZ,PZ,1,6.4808,3,11.7818,04_Aprile,19.44
FOOD,SEMILDOL,FOO.SDO.00041,BISCOTTI MULINO BIANCO GF AL CIOCCOLATO,CF,CF,1,3.35,1,3.35,04_Aprile,3.35
FOOD,SEMILSAL,FOO.SSA.00011,"PANINI ALPE ADRIA MIX 3,5GRX2,7KG",KG,KG,1,9.5185,34.8,331.2444,04_Aprile,331.2438
FOOD,SEMILSAL,FOO.SSA.00013,"PATATE SURGELATE A CUBETTI 2,5KGX4PZ",KG,GR,1000,3.117,24.5,62.083,04_Aprile,76.37
VARIE,MONOUSO,FOO.MON.00003,KETCHUP BUSTINE,CF,CF,1,10.383,1,3.5667,04_Aprile,10.38
VARIE,MONOUSO,FOO.MON.00005,MAIONESE BUSTINE,CF,CF,1,9.1922,2,9.17,04_Aprile,18.38
VARIE,MONOUSO,FOO.MON.00007,ACETO BALSAMICO BUSTINE,CF,CF,1,14.3361,1,4.7833,04_Aprile,14.34
FOOD,SPEZIECO,FOO.SPE.00001,ACETO DI VINO BIANCO,LT,LT,1,0.8144,5,0.5023,04_Aprile,4.07
FOOD,SPEZIECO,FOO.SPE.00006,SALE BUSTINE,CF,CF,1,10.5171,2,14.78,04_Aprile,21.03
FOOD,SPEZIECO,FOO.SPE.00008,OLIO EXTRA VERGINE BUSTINE,CF,CF,1,16.4537,2,21.96,04_Aprile,32.91
FOOD,UOVA,FOO.UOV.00001,UOVA FRESCHE L CAT. A X 180PZ,PZ,PZ,1,0.185,3025,534.5646,04_Aprile,559.63
FOOD,YOGURT,FOO.YOG.00001,YOGURT BIANCO VIPITENO GR.500,PZ,PZ,1,1.341,6,8.046,04_Aprile,8.05
FOOD,YOGURT,FOO.YOG.00002,YOGURT BIANCO KG.5,PZ,PZ,1,10.47,10,104.724,04_Aprile,104.7
FOOD,YOGURT,FOO.YOG.00003,YOGURT BIANCO VIPITENO 1KG,PZ,PZ,1,2.88,3,8.64,04_Aprile,8.64
PULIZIA,DETERGEN,PUL.DET.00015,DETERSIVO LAVAST. TOPMATIC ECOLAB 5LT,PZ,PZ,1,36.7483,1,25.255,04_Aprile,36.75
PULIZIA,STRPULIZ,PUL.STR.00013,SPUGNE SCOTCH-BRITE 3PZ X 40 CF,CF,CF,1,0.9905,2,0.4,04_Aprile,1.98
PULIZIA,STRPULIZ,PUL.STR.00021,PANNO VILEDA PVA VERDE 5PZ,PZ,PZ,0,2.512,15,30.3614,04_Aprile,37.68
VARIE,CARTBUSA,VAR.CAR.00015,BOBINA CARTA STRONG 800 STRAPPIX10,PZ,PZ,1,3.7585,1,3.75,04_Aprile,3.76
VARIE,CARTBUSA,VAR.CAR.00016,BUSTE SHOPPER BIANCHE 400PZ (COLAZIONI),PZ,PZ,1,0.1345,5,0.6727,04_Aprile,0.6725
VARIE,CARTBUSA,VAR.CAR.00017,CENTRINI MERLETTATI RETTANG 20X30 250PZ,CF,PZ,250,5.5,1,5.5,04_Aprile,5.5
VARIE,CARTBUSA,VAR.CAR.00020,CENTRINI MERLETTATI RETTANGO 25X35 250PZ,CF,PZ,250,9,1,9,04_Aprile,9
VARIE,CARTBUSA,VAR.CAR.00021,CENTRINI MERLETTATI RETTANGO 30X40 250PZ,CF,PZ,250,11,1,11,04_Aprile,11
VARIE,CARTBUSA,VAR.CAR.00022,CENTRINI MERLETTATI OVALI 30X31 250PZ,CF,PZ,250,12.5,1,10,04_Aprile,12.5
VARIE,MONOUSO,VAR.MON.00001,TOVAGLIOLI TNT POKET AZZ40X35(16CFX60PZ),CF,CF,1,5.3125,32,147.2,04_Aprile,170
VARIE,MONOUSO,VAR.MON.00005,TOVAGLIOLO TNT 40X40 (16CFX50PZ),CF,CF,1,3.6749,9,22.5,04_Aprile,33.07
VARIE,MONOUSO,VAR.MON.00007,TOVAGLIE 100X100 (4CFX25PZ),CF,CF,1,14.002,37,536.9744,04_Aprile,518.074
VARIE,MONOUSO,VAR.MON.00029,TOVAGLIE 100X100 BIANCHE 4CFX25PZ,CF,CF,1,11.875,3,33.75,04_Aprile,35.63
VARIE,PROCUCIN,VAR.PCU.00002,"CARTA FORNO CUKI MT 9,5",PZ,PZ,1,1.179,4,4.716,04_Aprile,4.72
VARIE,PROVARIE,VAR.PRO.00001,CARTA PELLICOLA CUKI 300MT X8 ROTOLO,PZ,PZ,1,6.3797,4,20.8,04_Aprile,25.52
VARIE,PROVARIE,VAR.PRO.00002,CARTA  ALLUMINIO 330MM X 125MT ROTOLO,PZ,PZ,1,7.606,3,16,04_Aprile,22.818